Age,Gender,Location,Income,Debt,Owns Home,Profession,Demographics,Platform,Total Time Spent,Video Category,Owns Car
56,Male,Pakistan,82812,TRUE,TRUE,Engineer,Rural,Instagram,80,Pranks,TRUE
46,Female,Mexico,27999,FALSE,TRUE,Artist,Urban,Instagram,228,Pranks,TRUE
32,Female,United States,42436,FALSE,TRUE,Engineer,Rural,Facebook,30,Vlogs,TRUE
60,Male,Barzil,62963,TRUE,FALSE,Waiting staff,Rural,YouTube,101,Vlogs,FALSE
25,Male,Pakistan,22096,FALSE,TRUE,Manager,Urban,TikTok,136,Gaming,TRUE
38,Male,Vietnam,45279,FALSE,FALSE,driver,Urban,Instagram,89,Jokes/Memes,FALSE
56,Male,India,46201,FALSE,FALSE,Students,Rural,TikTok,247,Vlogs,FALSE
36,Male,Barzil,39715,FALSE,FALSE,Engineer,Rural,Instagram,191,Entertainment,FALSE
40,Male,United States,49309,FALSE,FALSE,Waiting staff,Rural,Instagram,34,Vlogs,FALSE
28,Other,United States,35078,FALSE,FALSE,Students,Rural,YouTube,165,ASMR,FALSE
28,Male,Indonesia,76614,TRUE,TRUE,Manager,Rural,Instagram,14,Pranks,TRUE
41,Other,Philippines,25105,FALSE,FALSE,Labor/Worker,Urban,TikTok,129,Life Hacks,FALSE
53,Male,Japan,22839,FALSE,FALSE,Waiting staff,Rural,Instagram,286,Gaming,FALSE
57,Male,Indonesia,88920,TRUE,TRUE,Waiting staff,Rural,Facebook,27,Vlogs,TRUE
41,Other,Vietnam,63619,TRUE,TRUE,Cashier,Rural,YouTube,207,Gaming,TRUE
20,Female,Philippines,62821,TRUE,TRUE,Students,Rural,YouTube,66,Entertainment,TRUE
39,Female,Mexico,33493,FALSE,FALSE,Waiting staff,Rural,Facebook,102,ASMR,FALSE
19,Female,Barzil,37069,FALSE,FALSE,Students,Rural,Facebook,28,ASMR,FALSE
41,Other,Japan,27531,FALSE,FALSE,Labor/Worker,Rural,Facebook,202,Pranks,FALSE
61,Male,United States,57051,TRUE,TRUE,Labor/Worker,Urban,Instagram,246,Vlogs,TRUE
47,Male,India,27736,FALSE,FALSE,Waiting staff,Rural,YouTube,286,Vlogs,FALSE
55,Male,Barzil,27710,FALSE,FALSE,driver,Rural,Facebook,236,Entertainment,FALSE
19,Female,Indonesia,87155,TRUE,FALSE,Students,Rural,Instagram,242,Entertainment,FALSE
38,Female,India,33975,FALSE,FALSE,Waiting staff,Urban,Facebook,49,Pranks,FALSE
50,Male,Germany,82424,TRUE,TRUE,Waiting staff,Rural,TikTok,162,Jokes/Memes,TRUE
29,Male,Japan,65603,TRUE,FALSE,Labor/Worker,Urban,TikTok,136,Jokes/Memes,FALSE
39,Male,Japan,43252,FALSE,TRUE,Students,Rural,YouTube,246,Gaming,TRUE
61,Other,Vietnam,21431,FALSE,FALSE,Manager,Urban,Instagram,64,Life Hacks,FALSE
42,Female,India,94603,TRUE,TRUE,Labor/Worker,Rural,TikTok,181,Entertainment,TRUE
44,Male,India,57481,TRUE,FALSE,driver,Urban,TikTok,118,Pranks,FALSE
59,Male,United States,29557,FALSE,TRUE,driver,Rural,Instagram,193,Pranks,TRUE
45,Male,United States,94971,TRUE,FALSE,Students,Rural,Facebook,207,Jokes/Memes,FALSE
33,Male,India,20162,FALSE,TRUE,Labor/Worker,Rural,Instagram,96,Trends,TRUE
32,Other,Mexico,54742,TRUE,FALSE,Waiting staff,Rural,Facebook,210,Trends,FALSE
64,Female,Vietnam,39675,FALSE,TRUE,Students,Rural,TikTok,284,Entertainment,TRUE
61,Other,Mexico,93997,TRUE,FALSE,Students,Urban,TikTok,220,Jokes/Memes,FALSE
20,Male,United States,37015,FALSE,TRUE,Labor/Worker,Rural,TikTok,127,Entertainment,TRUE
54,Male,Philippines,70057,TRUE,FALSE,Students,Urban,YouTube,200,Jokes/Memes,FALSE
24,Male,Barzil,52591,TRUE,TRUE,Cashier,Rural,YouTube,51,Jokes/Memes,TRUE
38,Male,Germany,29833,FALSE,FALSE,Students,Rural,YouTube,51,ASMR,FALSE
26,Male,Pakistan,27896,FALSE,TRUE,Waiting staff,Urban,Instagram,285,Comedy,TRUE
56,Male,India,52972,TRUE,FALSE,Students,Urban,TikTok,26,ASMR,FALSE
35,Other,Indonesia,69733,TRUE,TRUE,Cashier,Rural,TikTok,292,Life Hacks,TRUE
21,Female,Pakistan,61800,TRUE,FALSE,Waiting staff,Rural,Instagram,267,Gaming,FALSE
42,Other,Philippines,25347,FALSE,TRUE,Labor/Worker,Urban,YouTube,72,Gaming,TRUE
31,Female,Pakistan,79063,TRUE,FALSE,Waiting staff,Rural,Instagram,71,Comedy,FALSE
26,Male,Vietnam,22643,FALSE,TRUE,Labor/Worker,Rural,YouTube,109,Trends,TRUE
43,Male,Japan,60785,TRUE,TRUE,Students,Rural,TikTok,28,Pranks,TRUE
19,Female,India,38681,FALSE,TRUE,Students,Rural,Facebook,26,Trends,TRUE
37,Male,United States,70026,TRUE,TRUE,Students,Urban,YouTube,255,Life Hacks,TRUE
45,Female,United States,35892,FALSE,FALSE,Waiting staff,Rural,TikTok,260,Entertainment,FALSE
64,Other,Mexico,67299,TRUE,TRUE,driver,Rural,TikTok,90,Entertainment,TRUE
24,Male,Germany,37073,FALSE,FALSE,Students,Rural,Facebook,48,Pranks,FALSE
61,Male,Vietnam,50682,TRUE,FALSE,driver,Rural,TikTok,45,Trends,FALSE
25,Other,India,34289,FALSE,FALSE,Cashier,Rural,TikTok,206,Life Hacks,FALSE
64,Male,Japan,27927,FALSE,FALSE,Manager,Rural,YouTube,167,Life Hacks,FALSE
52,Male,Indonesia,68330,TRUE,FALSE,Labor/Worker,Rural,YouTube,213,Jokes/Memes,FALSE
31,Male,United States,86707,TRUE,TRUE,Waiting staff,Rural,Facebook,205,Entertainment,TRUE
34,Male,Vietnam,97454,TRUE,FALSE,Waiting staff,Rural,Facebook,225,Vlogs,FALSE
53,Male,Japan,85428,TRUE,FALSE,driver,Urban,TikTok,294,Life Hacks,FALSE
57,Female,Germany,70601,TRUE,TRUE,driver,Rural,YouTube,205,Entertainment,TRUE
21,Other,United States,97465,TRUE,TRUE,Waiting staff,Urban,Facebook,161,Jokes/Memes,TRUE
19,Male,United States,22539,FALSE,TRUE,Waiting staff,Rural,Facebook,23,Entertainment,TRUE
23,Male,Vietnam,42669,FALSE,FALSE,Students,Rural,Instagram,155,ASMR,FALSE
59,Male,United States,90968,TRUE,FALSE,Teacher,Rural,Facebook,66,Life Hacks,FALSE
21,Other,India,40644,FALSE,FALSE,Teacher,Rural,TikTok,220,Life Hacks,FALSE
46,Other,India,38745,FALSE,TRUE,Cashier,Rural,YouTube,277,Gaming,TRUE
35,Male,Mexico,48228,FALSE,FALSE,Students,Rural,Facebook,219,Trends,FALSE
43,Male,Vietnam,54521,TRUE,FALSE,Artist,Rural,Instagram,26,Life Hacks,FALSE
61,Female,Mexico,46928,FALSE,FALSE,Students,Rural,YouTube,295,Gaming,FALSE
51,Female,Vietnam,38322,FALSE,FALSE,Students,Rural,Facebook,212,Pranks,FALSE
27,Male,Indonesia,77714,TRUE,TRUE,Labor/Worker,Urban,Instagram,108,Life Hacks,TRUE
53,Male,Vietnam,82292,TRUE,FALSE,Engineer,Rural,Facebook,288,Comedy,FALSE
31,Female,Germany,49055,FALSE,TRUE,Waiting staff,Urban,YouTube,218,Jokes/Memes,TRUE
48,Other,Philippines,62891,TRUE,FALSE,driver,Rural,YouTube,138,Jokes/Memes,FALSE
32,Male,United States,26588,FALSE,TRUE,Labor/Worker,Rural,YouTube,297,Jokes/Memes,TRUE
25,Female,India,26304,FALSE,FALSE,driver,Rural,TikTok,261,Pranks,FALSE
31,Male,India,27345,FALSE,TRUE,Labor/Worker,Rural,Facebook,274,Life Hacks,TRUE
40,Other,Japan,49300,FALSE,FALSE,Labor/Worker,Rural,TikTok,280,Vlogs,FALSE
57,Male,United States,44259,FALSE,TRUE,driver,Rural,YouTube,197,Jokes/Memes,TRUE
38,Male,United States,35352,FALSE,FALSE,driver,Rural,Instagram,223,Gaming,FALSE
33,Male,Pakistan,53365,TRUE,TRUE,Labor/Worker,Urban,Facebook,292,Jokes/Memes,TRUE
62,Male,Philippines,39446,FALSE,FALSE,Students,Rural,TikTok,220,Pranks,FALSE
35,Male,India,22336,FALSE,TRUE,Waiting staff,Urban,Facebook,85,Entertainment,TRUE
64,Male,Barzil,82032,TRUE,FALSE,Labor/Worker,Urban,Instagram,157,Jokes/Memes,FALSE
41,Other,India,95415,TRUE,TRUE,Waiting staff,Rural,TikTok,222,Life Hacks,TRUE
43,Female,Indonesia,27521,FALSE,FALSE,Engineer,Rural,YouTube,118,Trends,FALSE
42,Other,United States,91707,TRUE,TRUE,Manager,Rural,TikTok,138,Life Hacks,TRUE
62,Female,United States,43481,FALSE,FALSE,Students,Rural,Facebook,19,Jokes/Memes,FALSE
58,Female,Germany,38474,FALSE,TRUE,Waiting staff,Rural,Facebook,56,Jokes/Memes,TRUE
46,Male,United States,66760,TRUE,FALSE,Waiting staff,Rural,Facebook,105,Jokes/Memes,FALSE
32,Male,India,75718,TRUE,TRUE,Students,Rural,Facebook,112,Jokes/Memes,TRUE
62,Female,India,64629,TRUE,FALSE,Students,Rural,YouTube,155,Trends,FALSE
18,Male,India,65232,TRUE,TRUE,driver,Rural,TikTok,36,Vlogs,TRUE
42,Other,Vietnam,87169,TRUE,TRUE,Manager,Rural,YouTube,229,Life Hacks,TRUE
24,Other,Pakistan,70669,TRUE,TRUE,Students,Rural,YouTube,27,Jokes/Memes,TRUE
26,Male,United States,98021,TRUE,TRUE,Students,Urban,YouTube,176,ASMR,TRUE
41,Female,United States,89184,TRUE,FALSE,Waiting staff,Urban,Facebook,91,Jokes/Memes,FALSE
18,Male,India,67945,TRUE,TRUE,Engineer,Rural,Facebook,81,ASMR,TRUE
61,Female,Mexico,33140,FALSE,FALSE,Waiting staff,Urban,Facebook,263,Pranks,FALSE
25,Male,Germany,34357,FALSE,FALSE,Engineer,Rural,TikTok,171,Vlogs,FALSE
41,Male,Germany,88673,TRUE,FALSE,Waiting staff,Rural,Instagram,47,Jokes/Memes,FALSE
28,Male,India,85633,TRUE,FALSE,Engineer,Urban,Facebook,210,Jokes/Memes,FALSE
34,Female,Japan,96943,TRUE,FALSE,Engineer,Rural,TikTok,209,Gaming,FALSE
25,Female,India,98258,TRUE,TRUE,driver,Urban,Facebook,264,Gaming,TRUE
52,Male,Philippines,32924,FALSE,FALSE,Labor/Worker,Rural,Facebook,188,Comedy,FALSE
52,Female,Japan,89286,TRUE,FALSE,Labor/Worker,Urban,YouTube,44,Jokes/Memes,FALSE
50,Male,Barzil,94071,TRUE,TRUE,Waiting staff,Rural,YouTube,91,Pranks,TRUE
22,Male,Mexico,77326,TRUE,TRUE,Artist,Rural,YouTube,229,Gaming,TRUE
59,Male,Germany,50651,TRUE,TRUE,Labor/Worker,Rural,TikTok,167,Jokes/Memes,TRUE
56,Female,India,90202,TRUE,FALSE,Waiting staff,Rural,Instagram,13,Jokes/Memes,FALSE
58,Female,Barzil,68777,TRUE,FALSE,Labor/Worker,Rural,Instagram,176,Pranks,FALSE
45,Female,Vietnam,36994,FALSE,FALSE,Labor/Worker,Rural,TikTok,213,Jokes/Memes,FALSE
24,Male,Indonesia,87263,TRUE,TRUE,Teacher,Rural,Facebook,203,Jokes/Memes,TRUE
26,Male,United States,79634,TRUE,FALSE,Students,Rural,TikTok,244,Entertainment,FALSE
25,Male,Barzil,30800,FALSE,FALSE,Students,Urban,Facebook,215,Life Hacks,FALSE
29,Female,Philippines,57823,TRUE,FALSE,Cashier,Rural,TikTok,159,Entertainment,FALSE
51,Male,United States,83878,TRUE,FALSE,driver,Rural,TikTok,168,Life Hacks,FALSE
50,Other,India,38708,FALSE,TRUE,Labor/Worker,Rural,TikTok,288,Life Hacks,TRUE
40,Female,Pakistan,32819,FALSE,FALSE,Engineer,Rural,Instagram,175,Gaming,FALSE
41,Other,Vietnam,94905,TRUE,TRUE,Labor/Worker,Rural,YouTube,77,Life Hacks,TRUE
54,Other,Barzil,83870,TRUE,FALSE,Labor/Worker,Rural,TikTok,97,Gaming,FALSE
52,Female,Mexico,29283,FALSE,TRUE,Artist,Urban,Instagram,226,Trends,TRUE
61,Other,India,50573,TRUE,FALSE,Waiting staff,Rural,YouTube,10,Comedy,FALSE
57,Male,United States,98707,TRUE,TRUE,driver,Rural,YouTube,144,ASMR,TRUE
39,Female,India,50933,TRUE,FALSE,driver,Rural,TikTok,194,Gaming,FALSE
44,Female,Barzil,25774,FALSE,TRUE,Cashier,Rural,Facebook,149,Pranks,TRUE
52,Male,Mexico,92055,TRUE,FALSE,Labor/Worker,Rural,Facebook,115,Pranks,FALSE
18,Other,Philippines,30983,FALSE,TRUE,Waiting staff,Rural,Facebook,142,Vlogs,TRUE
52,Female,Indonesia,38133,FALSE,FALSE,Students,Urban,TikTok,117,Jokes/Memes,FALSE
54,Male,United States,34939,FALSE,TRUE,driver,Urban,Facebook,187,Vlogs,TRUE
64,Male,Indonesia,20781,FALSE,FALSE,Artist,Rural,Instagram,155,Life Hacks,FALSE
31,Female,India,76700,TRUE,TRUE,Waiting staff,Rural,Instagram,83,ASMR,TRUE
20,Male,India,47624,FALSE,FALSE,Students,Rural,Instagram,117,Vlogs,FALSE
18,Female,Barzil,26823,FALSE,TRUE,driver,Rural,Instagram,131,Entertainment,TRUE
22,Female,Barzil,38489,FALSE,FALSE,Manager,Rural,YouTube,26,Life Hacks,FALSE
43,Female,Pakistan,59961,TRUE,TRUE,Cashier,Rural,Instagram,205,Trends,TRUE
31,Female,Germany,49118,FALSE,FALSE,Labor/Worker,Rural,Facebook,261,Entertainment,FALSE
56,Male,Pakistan,42263,FALSE,TRUE,Students,Rural,TikTok,128,Life Hacks,TRUE
44,Male,India,33565,FALSE,FALSE,Students,Rural,Facebook,171,Life Hacks,FALSE
26,Female,India,40354,FALSE,TRUE,Students,Rural,Instagram,207,Jokes/Memes,TRUE
32,Male,India,62951,TRUE,TRUE,Engineer,Urban,YouTube,54,Gaming,TRUE
32,Female,Pakistan,43648,FALSE,TRUE,Engineer,Rural,Instagram,188,Life Hacks,TRUE
43,Female,Mexico,70729,TRUE,TRUE,Engineer,Urban,TikTok,53,Pranks,TRUE
59,Male,Mexico,61971,TRUE,FALSE,Waiting staff,Rural,Facebook,280,Life Hacks,FALSE
30,Other,India,38658,FALSE,TRUE,Engineer,Rural,TikTok,87,Life Hacks,TRUE
49,Male,Vietnam,41253,FALSE,FALSE,Waiting staff,Rural,TikTok,187,Life Hacks,FALSE
56,Male,Germany,84166,TRUE,FALSE,Labor/Worker,Urban,TikTok,12,Jokes/Memes,FALSE
49,Other,Mexico,68563,TRUE,FALSE,Engineer,Rural,Facebook,223,Vlogs,FALSE
21,Male,Japan,46390,FALSE,FALSE,Cashier,Rural,Instagram,83,Trends,FALSE
47,Other,United States,71578,TRUE,FALSE,Artist,Urban,TikTok,60,Entertainment,FALSE
54,Male,India,99025,TRUE,TRUE,driver,Rural,Facebook,76,Gaming,TRUE
40,Male,India,52658,TRUE,FALSE,Students,Rural,YouTube,102,Life Hacks,FALSE
56,Other,India,26852,FALSE,FALSE,Waiting staff,Urban,Facebook,185,Trends,FALSE
62,Male,United States,22551,FALSE,TRUE,Students,Urban,YouTube,154,Entertainment,TRUE
32,Male,United States,91947,TRUE,TRUE,Students,Urban,Facebook,16,Vlogs,TRUE
60,Female,Japan,81001,TRUE,TRUE,Students,Rural,Instagram,278,Pranks,TRUE
46,Other,Pakistan,69159,TRUE,FALSE,driver,Rural,TikTok,13,Pranks,FALSE
53,Female,Vietnam,71707,TRUE,FALSE,Manager,Rural,Instagram,147,Jokes/Memes,FALSE
30,Other,India,53243,TRUE,FALSE,Students,Rural,Facebook,240,Jokes/Memes,FALSE
49,Male,India,41800,FALSE,TRUE,Waiting staff,Rural,TikTok,97,Life Hacks,TRUE
24,Male,Indonesia,95939,TRUE,FALSE,Labor/Worker,Urban,YouTube,26,Trends,FALSE
39,Other,Japan,77828,TRUE,FALSE,Students,Rural,Facebook,61,Gaming,FALSE
45,Male,India,27239,FALSE,FALSE,Manager,Rural,TikTok,143,Entertainment,FALSE
19,Male,Japan,26710,FALSE,FALSE,Cashier,Urban,YouTube,220,Jokes/Memes,FALSE
59,Male,Japan,41384,FALSE,TRUE,Engineer,Urban,YouTube,228,Entertainment,TRUE
62,Male,Philippines,41038,FALSE,FALSE,Labor/Worker,Rural,Instagram,214,Gaming,FALSE
23,Male,Japan,60846,TRUE,TRUE,Students,Urban,Facebook,220,Gaming,TRUE
45,Female,United States,87821,TRUE,FALSE,Waiting staff,Rural,YouTube,286,Trends,FALSE
45,Female,Philippines,57991,TRUE,TRUE,Labor/Worker,Rural,TikTok,33,Trends,TRUE
61,Male,Japan,99057,TRUE,FALSE,driver,Rural,YouTube,13,Life Hacks,FALSE
61,Male,Germany,26971,FALSE,TRUE,Students,Rural,YouTube,161,Jokes/Memes,TRUE
37,Female,United States,49139,FALSE,FALSE,Cashier,Rural,Instagram,268,Entertainment,FALSE
47,Male,India,97067,TRUE,TRUE,Cashier,Rural,Instagram,177,Gaming,TRUE
28,Male,Philippines,57711,TRUE,FALSE,Students,Urban,TikTok,185,ASMR,FALSE
45,Female,Indonesia,26530,FALSE,TRUE,Teacher,Urban,Instagram,65,Life Hacks,TRUE
42,Male,United States,31116,FALSE,FALSE,Waiting staff,Rural,YouTube,117,ASMR,FALSE
56,Female,Indonesia,85794,TRUE,TRUE,Labor/Worker,Rural,YouTube,150,Trends,TRUE
50,Male,India,20282,FALSE,FALSE,driver,Urban,Instagram,164,Trends,FALSE
18,Other,Indonesia,99473,TRUE,TRUE,Waiting staff,Urban,YouTube,271,Vlogs,TRUE
44,Female,India,21898,FALSE,FALSE,Engineer,Rural,YouTube,282,Life Hacks,FALSE
30,Female,India,24135,FALSE,TRUE,driver,Rural,TikTok,241,Life Hacks,TRUE
58,Male,Philippines,26629,FALSE,FALSE,Labor/Worker,Rural,Instagram,250,Jokes/Memes,FALSE
20,Female,Japan,85031,TRUE,TRUE,Cashier,Rural,YouTube,267,ASMR,TRUE
56,Male,Barzil,53380,TRUE,FALSE,Labor/Worker,Rural,Instagram,258,Pranks,FALSE
23,Male,India,37071,FALSE,TRUE,Labor/Worker,Urban,TikTok,86,Jokes/Memes,TRUE
25,Male,Philippines,40074,FALSE,FALSE,Artist,Rural,Instagram,189,Entertainment,FALSE
44,Male,Germany,87843,TRUE,TRUE,Waiting staff,Urban,YouTube,75,Life Hacks,TRUE
26,Female,India,59901,TRUE,TRUE,driver,Rural,Instagram,180,Entertainment,TRUE
54,Male,Mexico,31205,FALSE,TRUE,Teacher,Rural,YouTube,31,Pranks,TRUE
50,Male,Indonesia,75661,TRUE,TRUE,Engineer,Rural,YouTube,116,Entertainment,TRUE
59,Other,Barzil,25906,FALSE,FALSE,driver,Rural,YouTube,236,Life Hacks,FALSE
61,Male,Japan,22591,FALSE,TRUE,Waiting staff,Urban,TikTok,225,Jokes/Memes,TRUE
41,Female,United States,82987,TRUE,TRUE,Labor/Worker,Rural,Instagram,78,Vlogs,TRUE
32,Other,India,83370,TRUE,TRUE,Teacher,Urban,TikTok,93,Trends,TRUE
49,Male,Vietnam,74400,TRUE,FALSE,Waiting staff,Rural,Instagram,112,Life Hacks,FALSE
49,Male,Pakistan,45150,FALSE,TRUE,Waiting staff,Rural,TikTok,48,Jokes/Memes,TRUE
41,Male,Barzil,51852,TRUE,FALSE,Manager,Urban,Facebook,22,Gaming,FALSE
58,Male,United States,62870,TRUE,FALSE,Artist,Rural,YouTube,190,Pranks,FALSE
29,Male,India,72756,TRUE,FALSE,Students,Rural,YouTube,277,Entertainment,FALSE
56,Other,Vietnam,76481,TRUE,FALSE,Labor/Worker,Rural,TikTok,22,Pranks,FALSE
19,Female,Philippines,21283,FALSE,FALSE,driver,Rural,Facebook,129,Jokes/Memes,FALSE
20,Female,Japan,53691,TRUE,TRUE,Labor/Worker,Rural,YouTube,66,Trends,TRUE
54,Female,India,21125,FALSE,FALSE,Artist,Rural,Instagram,49,Gaming,FALSE
34,Male,India,87065,TRUE,FALSE,Students,Rural,TikTok,137,Trends,FALSE
19,Male,India,46170,FALSE,TRUE,Engineer,Urban,YouTube,182,Gaming,TRUE
19,Male,India,28438,FALSE,TRUE,Waiting staff,Rural,YouTube,44,Life Hacks,TRUE
45,Female,Vietnam,40095,FALSE,TRUE,Waiting staff,Rural,TikTok,268,Comedy,TRUE
40,Male,Indonesia,36154,FALSE,FALSE,driver,Rural,TikTok,14,Entertainment,FALSE
54,Male,Pakistan,28004,FALSE,FALSE,driver,Rural,Instagram,227,Entertainment,FALSE
49,Female,Germany,29752,FALSE,FALSE,Students,Rural,Instagram,20,Gaming,FALSE
50,Other,India,75426,TRUE,TRUE,Manager,Rural,YouTube,126,Vlogs,TRUE
18,Other,Mexico,46819,FALSE,FALSE,Waiting staff,Urban,YouTube,193,Trends,FALSE
36,Female,Pakistan,44217,FALSE,FALSE,Labor/Worker,Rural,TikTok,125,Life Hacks,FALSE
19,Male,India,52994,TRUE,FALSE,Students,Rural,YouTube,171,Jokes/Memes,FALSE
61,Male,Japan,35036,FALSE,FALSE,Artist,Rural,YouTube,76,Entertainment,FALSE
43,Male,India,97275,TRUE,TRUE,Engineer,Rural,TikTok,209,Gaming,TRUE
49,Male,United States,69416,TRUE,FALSE,Waiting staff,Urban,YouTube,40,Life Hacks,FALSE
23,Other,Pakistan,29587,FALSE,TRUE,Manager,Rural,YouTube,84,Comedy,TRUE
49,Male,Mexico,20645,FALSE,FALSE,Manager,Rural,Facebook,246,Pranks,FALSE
21,Male,India,50930,TRUE,TRUE,Students,Urban,Instagram,75,Trends,TRUE
28,Male,Indonesia,50090,TRUE,FALSE,Students,Rural,TikTok,79,Life Hacks,FALSE
34,Other,Vietnam,72142,TRUE,TRUE,Waiting staff,Rural,Facebook,29,Vlogs,TRUE
55,Other,United States,46475,FALSE,FALSE,Students,Rural,Instagram,235,ASMR,FALSE
41,Male,Philippines,38888,FALSE,TRUE,Labor/Worker,Rural,Instagram,208,Life Hacks,TRUE
22,Male,Pakistan,63732,TRUE,FALSE,Manager,Rural,Instagram,48,Pranks,FALSE
51,Male,Japan,66305,TRUE,TRUE,Engineer,Rural,Facebook,154,Entertainment,TRUE
23,Male,Vietnam,66037,TRUE,FALSE,Engineer,Rural,Facebook,54,Trends,FALSE
39,Other,United States,29346,FALSE,TRUE,Manager,Rural,Instagram,100,Gaming,TRUE
28,Male,India,20587,FALSE,FALSE,Labor/Worker,Rural,YouTube,247,Life Hacks,FALSE
33,Female,United States,32763,FALSE,TRUE,Students,Rural,YouTube,79,Pranks,TRUE
50,Male,Vietnam,79165,TRUE,FALSE,Cashier,Rural,Facebook,175,Life Hacks,FALSE
26,Other,United States,89615,TRUE,TRUE,Students,Urban,Facebook,139,Life Hacks,TRUE
23,Male,Germany,56116,TRUE,FALSE,Waiting staff,Urban,Facebook,223,ASMR,FALSE
33,Female,Barzil,45556,FALSE,TRUE,driver,Urban,Instagram,98,Trends,TRUE
46,Female,Indonesia,79042,TRUE,FALSE,Students,Urban,YouTube,261,Life Hacks,FALSE
20,Other,India,38099,FALSE,TRUE,Teacher,Rural,Facebook,81,Jokes/Memes,TRUE
37,Female,Vietnam,65096,TRUE,FALSE,Artist,Rural,Facebook,174,Trends,FALSE
53,Male,Germany,91986,TRUE,TRUE,Students,Rural,TikTok,58,Jokes/Memes,TRUE
36,Female,Germany,33230,FALSE,TRUE,Waiting staff,Rural,Instagram,61,Jokes/Memes,TRUE
43,Other,Philippines,49009,FALSE,TRUE,Waiting staff,Rural,TikTok,298,Life Hacks,TRUE
20,Other,United States,90969,TRUE,TRUE,Cashier,Rural,YouTube,287,Life Hacks,TRUE
36,Male,Barzil,53866,TRUE,FALSE,driver,Rural,TikTok,123,Life Hacks,FALSE
37,Female,Germany,96975,TRUE,TRUE,driver,Rural,TikTok,248,ASMR,TRUE
49,Male,Barzil,61855,TRUE,FALSE,Waiting staff,Urban,TikTok,142,Jokes/Memes,FALSE
24,Male,United States,26416,FALSE,FALSE,driver,Rural,Instagram,283,Life Hacks,FALSE
58,Male,Vietnam,92516,TRUE,FALSE,Students,Rural,YouTube,175,Jokes/Memes,FALSE
50,Female,Japan,75915,TRUE,FALSE,Students,Rural,TikTok,252,Life Hacks,FALSE
57,Female,United States,38058,FALSE,FALSE,Students,Rural,Instagram,147,Jokes/Memes,FALSE
56,Male,Germany,96637,TRUE,TRUE,Labor/Worker,Rural,YouTube,88,Trends,TRUE
35,Other,India,60718,TRUE,FALSE,Waiting staff,Urban,Facebook,179,Gaming,FALSE
57,Female,United States,52602,TRUE,FALSE,driver,Rural,TikTok,132,Entertainment,FALSE
18,Female,United States,94658,TRUE,TRUE,Engineer,Rural,YouTube,185,Comedy,TRUE
28,Male,Philippines,98112,TRUE,TRUE,driver,Urban,TikTok,91,Gaming,TRUE
45,Female,Indonesia,78067,TRUE,TRUE,Waiting staff,Rural,Facebook,96,Pranks,TRUE
42,Female,India,47516,FALSE,FALSE,Labor/Worker,Rural,YouTube,234,Vlogs,FALSE
40,Male,India,21089,FALSE,FALSE,Engineer,Rural,Instagram,25,Life Hacks,FALSE
48,Male,Philippines,57346,TRUE,FALSE,Engineer,Rural,YouTube,172,Life Hacks,FALSE
47,Male,United States,94663,TRUE,TRUE,Labor/Worker,Rural,Instagram,107,ASMR,TRUE
59,Male,United States,30487,FALSE,FALSE,Waiting staff,Urban,YouTube,165,Pranks,FALSE
52,Male,United States,20155,FALSE,FALSE,Artist,Rural,Instagram,11,Entertainment,FALSE
24,Male,Germany,87494,TRUE,FALSE,Students,Rural,Facebook,178,Pranks,FALSE
33,Other,Philippines,96229,TRUE,FALSE,driver,Rural,Facebook,101,Life Hacks,FALSE
43,Male,Vietnam,58547,TRUE,TRUE,Labor/Worker,Rural,Facebook,190,Entertainment,TRUE
19,Male,India,48795,FALSE,FALSE,Students,Urban,YouTube,240,Vlogs,FALSE
18,Male,Mexico,75296,TRUE,TRUE,driver,Rural,Facebook,157,Pranks,TRUE
29,Male,Pakistan,41447,FALSE,FALSE,driver,Rural,TikTok,289,Jokes/Memes,FALSE
22,Male,United States,56598,TRUE,TRUE,Artist,Urban,Facebook,198,Vlogs,TRUE
54,Female,India,61814,TRUE,FALSE,Waiting staff,Urban,Instagram,137,Pranks,FALSE
49,Female,India,95330,TRUE,TRUE,driver,Rural,Instagram,16,Comedy,TRUE
26,Male,India,83278,TRUE,FALSE,Labor/Worker,Rural,Instagram,56,ASMR,FALSE
58,Other,Philippines,75077,TRUE,TRUE,driver,Rural,YouTube,62,Gaming,TRUE
52,Other,United States,91906,TRUE,FALSE,Waiting staff,Rural,TikTok,196,Pranks,FALSE
36,Male,Pakistan,29528,FALSE,TRUE,Waiting staff,Rural,Facebook,47,Comedy,TRUE
33,Female,Japan,70100,TRUE,FALSE,Labor/Worker,Rural,TikTok,235,Jokes/Memes,FALSE
20,Female,Germany,28179,FALSE,TRUE,driver,Rural,TikTok,62,Pranks,TRUE
37,Male,Barzil,68781,TRUE,TRUE,Engineer,Rural,Instagram,233,Trends,TRUE
41,Other,Vietnam,75267,TRUE,TRUE,Labor/Worker,Rural,Instagram,163,Vlogs,TRUE
50,Male,Pakistan,43952,FALSE,TRUE,Teacher,Rural,Instagram,57,Gaming,TRUE
41,Other,Barzil,73798,TRUE,TRUE,Cashier,Rural,YouTube,156,Vlogs,TRUE
28,Female,Philippines,70939,TRUE,TRUE,Waiting staff,Rural,TikTok,73,Pranks,TRUE
25,Female,Barzil,49516,FALSE,TRUE,Students,Rural,TikTok,191,Vlogs,TRUE
53,Male,Mexico,76526,TRUE,TRUE,Teacher,Rural,YouTube,134,Gaming,TRUE
55,Male,India,30449,FALSE,TRUE,Labor/Worker,Rural,YouTube,188,Trends,TRUE
57,Male,Pakistan,70290,TRUE,TRUE,Students,Urban,YouTube,48,Entertainment,TRUE
37,Male,Philippines,92954,TRUE,TRUE,Waiting staff,Rural,TikTok,269,Vlogs,TRUE
52,Male,Pakistan,42746,FALSE,FALSE,Students,Rural,TikTok,12,Vlogs,FALSE
42,Female,Mexico,87990,TRUE,TRUE,Waiting staff,Rural,Instagram,73,Jokes/Memes,TRUE
52,Male,United States,78810,TRUE,FALSE,Students,Rural,Instagram,38,Pranks,FALSE
42,Female,United States,35223,FALSE,TRUE,Labor/Worker,Urban,TikTok,20,Life Hacks,TRUE
46,Female,United States,92237,TRUE,FALSE,Teacher,Rural,Instagram,106,ASMR,FALSE
35,Female,Indonesia,22597,FALSE,TRUE,Labor/Worker,Urban,YouTube,212,Jokes/Memes,TRUE
63,Male,Barzil,85677,TRUE,FALSE,Waiting staff,Urban,Facebook,30,Trends,FALSE
35,Male,Indonesia,22659,FALSE,TRUE,Students,Rural,Instagram,48,Jokes/Memes,TRUE
19,Female,India,94567,TRUE,FALSE,Waiting staff,Rural,TikTok,232,Jokes/Memes,FALSE
52,Male,Vietnam,35037,FALSE,TRUE,Labor/Worker,Rural,Instagram,111,Life Hacks,TRUE
33,Female,Mexico,66738,TRUE,FALSE,Engineer,Rural,Instagram,55,Life Hacks,FALSE
58,Female,Philippines,91678,TRUE,TRUE,Engineer,Rural,Instagram,75,Trends,TRUE
53,Male,Pakistan,32109,FALSE,TRUE,Waiting staff,Rural,Facebook,100,Pranks,TRUE
50,Female,Germany,42010,FALSE,TRUE,Students,Rural,YouTube,173,Entertainment,TRUE
21,Female,Philippines,28787,FALSE,TRUE,Waiting staff,Rural,TikTok,120,Vlogs,TRUE
50,Male,Barzil,28472,FALSE,FALSE,Engineer,Urban,Facebook,132,Vlogs,FALSE
31,Male,Indonesia,43383,FALSE,TRUE,Cashier,Rural,TikTok,202,Jokes/Memes,TRUE
38,Other,Indonesia,81709,TRUE,FALSE,Waiting staff,Rural,TikTok,108,Gaming,FALSE
37,Other,United States,89785,TRUE,TRUE,Artist,Rural,TikTok,168,Jokes/Memes,TRUE
25,Male,Indonesia,54518,TRUE,FALSE,Waiting staff,Rural,Facebook,112,Life Hacks,FALSE
24,Female,Vietnam,73909,TRUE,TRUE,driver,Rural,YouTube,290,Entertainment,TRUE
20,Male,Japan,38351,FALSE,FALSE,Students,Rural,TikTok,52,Trends,FALSE
34,Female,Pakistan,89624,TRUE,TRUE,Engineer,Rural,YouTube,93,Jokes/Memes,TRUE
50,Male,Japan,73330,TRUE,FALSE,Manager,Rural,YouTube,200,Jokes/Memes,FALSE
29,Female,Pakistan,35282,FALSE,TRUE,driver,Rural,Instagram,60,Trends,TRUE
39,Female,Mexico,41778,FALSE,FALSE,Manager,Rural,Facebook,219,Trends,FALSE
39,Other,Pakistan,44264,FALSE,TRUE,Students,Urban,Facebook,135,Jokes/Memes,TRUE
63,Female,Japan,79675,TRUE,FALSE,Waiting staff,Rural,Instagram,78,Jokes/Memes,FALSE
47,Male,Philippines,25075,FALSE,TRUE,Engineer,Rural,Instagram,274,Entertainment,TRUE
55,Female,Pakistan,95948,TRUE,FALSE,Teacher,Rural,YouTube,267,Gaming,FALSE
55,Other,Mexico,68454,TRUE,TRUE,driver,Rural,TikTok,197,Jokes/Memes,TRUE
62,Male,Mexico,48365,FALSE,FALSE,Students,Rural,Facebook,239,Entertainment,FALSE
25,Other,India,92766,TRUE,TRUE,Waiting staff,Rural,TikTok,198,Entertainment,TRUE
44,Male,Pakistan,68200,TRUE,TRUE,driver,Urban,TikTok,19,Entertainment,TRUE
44,Female,Germany,31002,FALSE,TRUE,Students,Rural,Instagram,123,Life Hacks,TRUE
51,Male,United States,33947,FALSE,TRUE,Engineer,Rural,TikTok,85,Gaming,TRUE
38,Male,United States,99222,TRUE,FALSE,Artist,Urban,YouTube,173,Comedy,FALSE
47,Other,India,98610,TRUE,TRUE,driver,Urban,Instagram,94,Trends,TRUE
50,Male,Mexico,72142,TRUE,FALSE,Manager,Urban,TikTok,58,ASMR,FALSE
45,Female,India,76307,TRUE,TRUE,Manager,Urban,Instagram,186,Gaming,TRUE
64,Male,United States,24493,FALSE,FALSE,Students,Rural,YouTube,227,Gaming,FALSE
50,Male,Vietnam,70085,TRUE,TRUE,Manager,Rural,YouTube,198,ASMR,TRUE
22,Male,Barzil,54228,TRUE,FALSE,Students,Rural,TikTok,239,Gaming,FALSE
36,Other,Pakistan,99676,TRUE,TRUE,Students,Rural,Instagram,264,Jokes/Memes,TRUE
21,Other,Japan,71875,TRUE,FALSE,driver,Rural,TikTok,245,Jokes/Memes,FALSE
52,Male,India,51655,TRUE,TRUE,Waiting staff,Rural,TikTok,35,Life Hacks,TRUE
34,Other,India,63472,TRUE,FALSE,Students,Rural,Instagram,81,Vlogs,FALSE
61,Female,United States,69437,TRUE,TRUE,Waiting staff,Rural,TikTok,270,ASMR,TRUE
45,Female,Pakistan,69416,TRUE,FALSE,driver,Rural,YouTube,263,ASMR,FALSE
47,Female,India,79711,TRUE,TRUE,Teacher,Rural,Instagram,280,Trends,TRUE
46,Male,Barzil,26816,FALSE,FALSE,Students,Urban,Instagram,132,ASMR,FALSE
63,Male,India,97175,TRUE,TRUE,Labor/Worker,Rural,Instagram,153,Gaming,TRUE
23,Female,United States,84307,TRUE,FALSE,Students,Rural,Instagram,266,Life Hacks,FALSE
52,Male,India,66733,TRUE,TRUE,Labor/Worker,Rural,TikTok,153,Gaming,TRUE
58,Male,India,31240,FALSE,TRUE,Engineer,Rural,TikTok,268,Life Hacks,TRUE
54,Other,Vietnam,91363,TRUE,TRUE,Students,Urban,YouTube,56,Entertainment,TRUE
41,Female,India,52762,TRUE,TRUE,Cashier,Urban,Facebook,22,ASMR,TRUE
46,Male,India,28259,FALSE,FALSE,driver,Urban,Facebook,217,Vlogs,FALSE
63,Female,Barzil,70139,TRUE,TRUE,Labor/Worker,Rural,YouTube,244,Entertainment,TRUE
48,Female,United States,34849,FALSE,FALSE,Engineer,Rural,Facebook,158,ASMR,FALSE
52,Male,India,74869,TRUE,TRUE,Students,Rural,YouTube,164,Life Hacks,TRUE
50,Other,Indonesia,83095,TRUE,FALSE,Waiting staff,Urban,TikTok,175,Comedy,FALSE
38,Female,United States,90910,TRUE,TRUE,Engineer,Rural,Instagram,99,Life Hacks,TRUE
49,Male,India,43567,FALSE,FALSE,Labor/Worker,Rural,Instagram,195,Life Hacks,FALSE
40,Male,Vietnam,55292,TRUE,TRUE,driver,Rural,TikTok,183,Comedy,TRUE
50,Male,Barzil,94813,TRUE,FALSE,Students,Rural,Instagram,226,Entertainment,FALSE
20,Other,Germany,71631,TRUE,TRUE,Manager,Rural,Instagram,273,Jokes/Memes,TRUE
35,Female,Pakistan,29885,FALSE,FALSE,Waiting staff,Rural,Facebook,106,Trends,FALSE
42,Female,Japan,79659,TRUE,TRUE,Teacher,Rural,TikTok,126,Trends,TRUE
59,Male,Philippines,74306,TRUE,FALSE,Labor/Worker,Rural,Facebook,208,Jokes/Memes,FALSE
48,Female,Philippines,86314,TRUE,TRUE,Labor/Worker,Rural,Facebook,30,Entertainment,TRUE
20,Other,Japan,85087,TRUE,FALSE,Waiting staff,Rural,Instagram,209,Pranks,FALSE
57,Male,Japan,49165,FALSE,TRUE,Labor/Worker,Rural,Instagram,257,Trends,TRUE
63,Male,India,78929,TRUE,FALSE,Waiting staff,Rural,TikTok,285,Jokes/Memes,FALSE
41,Male,India,87028,TRUE,TRUE,Students,Rural,Instagram,273,Jokes/Memes,TRUE
49,Other,Barzil,69812,TRUE,TRUE,Students,Rural,Instagram,67,Trends,TRUE
64,Male,United States,70500,TRUE,TRUE,Cashier,Rural,TikTok,40,Jokes/Memes,TRUE
39,Female,India,99151,TRUE,TRUE,Teacher,Urban,Instagram,258,Jokes/Memes,TRUE
40,Female,India,78643,TRUE,FALSE,Engineer,Urban,Facebook,102,Trends,FALSE
19,Male,Pakistan,64900,TRUE,TRUE,Cashier,Urban,TikTok,274,Entertainment,TRUE
44,Male,Indonesia,62946,TRUE,FALSE,Students,Urban,Instagram,280,Gaming,FALSE
59,Male,Philippines,27851,FALSE,TRUE,Students,Rural,YouTube,103,Jokes/Memes,TRUE
19,Female,Barzil,36288,FALSE,FALSE,Students,Urban,TikTok,163,Jokes/Memes,FALSE
43,Male,Japan,92692,TRUE,TRUE,Labor/Worker,Rural,TikTok,294,Gaming,TRUE
34,Male,India,87580,TRUE,FALSE,driver,Rural,YouTube,89,Gaming,FALSE
57,Female,Germany,27368,FALSE,TRUE,Labor/Worker,Rural,Instagram,93,Life Hacks,TRUE
50,Male,Barzil,66403,TRUE,FALSE,Students,Urban,Instagram,46,Entertainment,FALSE
26,Female,Mexico,29168,FALSE,TRUE,Waiting staff,Urban,TikTok,241,Pranks,TRUE
60,Other,Vietnam,69879,TRUE,FALSE,Teacher,Urban,TikTok,102,Gaming,FALSE
56,Female,India,79871,TRUE,TRUE,Waiting staff,Rural,Instagram,111,Jokes/Memes,TRUE
46,Other,United States,52174,TRUE,FALSE,Labor/Worker,Rural,Instagram,175,Pranks,FALSE
59,Female,Pakistan,26581,FALSE,TRUE,Students,Urban,Facebook,168,Pranks,TRUE
43,Female,Indonesia,91853,TRUE,FALSE,driver,Rural,TikTok,23,Jokes/Memes,FALSE
52,Other,Pakistan,84046,TRUE,TRUE,Waiting staff,Urban,TikTok,234,Jokes/Memes,TRUE
42,Male,Barzil,69678,TRUE,FALSE,Students,Rural,YouTube,82,Gaming,FALSE
41,Male,Philippines,46649,FALSE,TRUE,Labor/Worker,Urban,Facebook,258,Gaming,TRUE
30,Male,United States,34567,FALSE,TRUE,Labor/Worker,Rural,Instagram,100,Jokes/Memes,TRUE
24,Male,Mexico,81944,TRUE,TRUE,Students,Urban,Facebook,225,ASMR,TRUE
53,Female,United States,98002,TRUE,TRUE,Students,Rural,Instagram,99,ASMR,TRUE
62,Male,India,48803,FALSE,FALSE,Students,Urban,Instagram,38,Trends,FALSE
37,Female,United States,38230,FALSE,TRUE,driver,Rural,Facebook,229,Life Hacks,TRUE
18,Male,India,37862,FALSE,FALSE,Students,Rural,TikTok,224,Entertainment,FALSE
25,Male,Japan,63355,TRUE,TRUE,Manager,Urban,Instagram,230,Gaming,TRUE
63,Male,Mexico,51259,TRUE,FALSE,Labor/Worker,Rural,Facebook,51,ASMR,FALSE
33,Male,India,50795,TRUE,TRUE,Labor/Worker,Rural,YouTube,144,Life Hacks,TRUE
31,Female,Germany,28770,FALSE,FALSE,Labor/Worker,Urban,Facebook,51,Pranks,FALSE
29,Male,Indonesia,31093,FALSE,TRUE,Labor/Worker,Urban,YouTube,173,Jokes/Memes,TRUE
40,Male,Japan,66571,TRUE,FALSE,Students,Rural,Instagram,292,Vlogs,FALSE
32,Male,Barzil,20193,FALSE,TRUE,Manager,Rural,Facebook,67,Jokes/Memes,TRUE
45,Other,United States,37569,FALSE,FALSE,driver,Urban,Facebook,34,Pranks,FALSE
51,Female,Philippines,31190,FALSE,TRUE,Waiting staff,Rural,YouTube,82,Life Hacks,TRUE
19,Other,India,82824,TRUE,FALSE,Labor/Worker,Rural,Facebook,138,Entertainment,FALSE
49,Other,Vietnam,62752,TRUE,TRUE,Waiting staff,Rural,Facebook,96,Vlogs,TRUE
40,Male,India,52327,TRUE,FALSE,Labor/Worker,Rural,Instagram,162,Gaming,FALSE
39,Male,Vietnam,62070,TRUE,TRUE,Students,Rural,Facebook,191,Vlogs,TRUE
42,Female,United States,60197,TRUE,FALSE,driver,Rural,TikTok,134,Life Hacks,FALSE
39,Female,Vietnam,22261,FALSE,TRUE,Students,Urban,YouTube,76,Gaming,TRUE
39,Female,Germany,46512,FALSE,TRUE,Engineer,Rural,Facebook,15,Vlogs,TRUE
59,Male,United States,26716,FALSE,TRUE,Students,Urban,YouTube,134,Entertainment,TRUE
23,Male,Mexico,48933,FALSE,TRUE,Engineer,Rural,YouTube,62,Pranks,TRUE
32,Female,Indonesia,24378,FALSE,FALSE,driver,Rural,YouTube,75,Life Hacks,FALSE
60,Male,Mexico,60583,TRUE,TRUE,Cashier,Rural,Facebook,91,Entertainment,TRUE
54,Male,India,49033,FALSE,FALSE,driver,Rural,Facebook,96,Entertainment,FALSE
50,Other,India,44000,FALSE,TRUE,Engineer,Urban,YouTube,11,Jokes/Memes,TRUE
25,Male,Indonesia,95868,TRUE,FALSE,Waiting staff,Rural,TikTok,213,Jokes/Memes,FALSE
61,Male,Vietnam,62604,TRUE,TRUE,Students,Urban,YouTube,159,Vlogs,TRUE
61,Male,Philippines,88336,TRUE,FALSE,Waiting staff,Rural,TikTok,112,Trends,FALSE
22,Female,Pakistan,93869,TRUE,TRUE,Students,Urban,YouTube,33,ASMR,TRUE
56,Male,India,25410,FALSE,FALSE,Waiting staff,Rural,Instagram,221,Gaming,FALSE
21,Female,Indonesia,76044,TRUE,TRUE,Manager,Rural,YouTube,74,ASMR,TRUE
23,Female,Indonesia,83315,TRUE,FALSE,Students,Urban,YouTube,218,ASMR,FALSE
62,Male,India,91344,TRUE,TRUE,Teacher,Rural,Facebook,260,Jokes/Memes,TRUE
49,Male,Barzil,26796,FALSE,FALSE,Labor/Worker,Urban,TikTok,126,Life Hacks,FALSE
47,Male,Vietnam,74245,TRUE,TRUE,Students,Urban,Instagram,125,Vlogs,TRUE
64,Male,India,63056,TRUE,FALSE,Students,Urban,TikTok,246,Entertainment,FALSE
52,Male,Indonesia,37709,FALSE,TRUE,Engineer,Rural,Instagram,114,Gaming,TRUE
57,Male,India,78557,TRUE,FALSE,Waiting staff,Rural,YouTube,268,Pranks,FALSE
33,Male,India,37543,FALSE,TRUE,Waiting staff,Rural,Facebook,55,Jokes/Memes,TRUE
30,Male,India,57418,TRUE,TRUE,Waiting staff,Rural,Facebook,225,Comedy,TRUE
59,Female,Barzil,36724,FALSE,TRUE,Artist,Urban,TikTok,33,Pranks,TRUE
47,Male,United States,23828,FALSE,TRUE,Waiting staff,Rural,Facebook,44,ASMR,TRUE
36,Male,Mexico,37087,FALSE,FALSE,Engineer,Rural,TikTok,33,Trends,FALSE
34,Male,Indonesia,32605,FALSE,TRUE,Teacher,Urban,TikTok,37,Vlogs,TRUE
36,Female,Vietnam,51337,TRUE,FALSE,Artist,Rural,Instagram,25,Pranks,FALSE
45,Male,Pakistan,25482,FALSE,TRUE,Labor/Worker,Rural,TikTok,68,Trends,TRUE
43,Female,United States,85333,TRUE,FALSE,Students,Rural,Instagram,252,Comedy,FALSE
54,Female,United States,70952,TRUE,TRUE,Waiting staff,Urban,Facebook,216,Gaming,TRUE
43,Male,Philippines,25463,FALSE,FALSE,Students,Rural,TikTok,280,Comedy,FALSE
40,Other,Philippines,90448,TRUE,TRUE,Engineer,Rural,TikTok,258,Life Hacks,TRUE
26,Other,Japan,24648,FALSE,FALSE,Students,Rural,YouTube,276,Vlogs,FALSE
29,Female,Barzil,53623,TRUE,TRUE,Labor/Worker,Urban,TikTok,202,Trends,TRUE
18,Female,Pakistan,79156,TRUE,FALSE,Students,Urban,TikTok,227,Pranks,FALSE
18,Male,Japan,55634,TRUE,TRUE,Students,Rural,YouTube,124,ASMR,TRUE
64,Male,Barzil,64602,TRUE,FALSE,Cashier,Rural,YouTube,77,Jokes/Memes,FALSE
51,Female,Vietnam,69334,TRUE,TRUE,Cashier,Urban,Facebook,84,Entertainment,TRUE
49,Male,India,88648,TRUE,FALSE,Labor/Worker,Rural,TikTok,112,Vlogs,FALSE
42,Male,Vietnam,42054,FALSE,TRUE,driver,Rural,Facebook,187,Pranks,TRUE
57,Male,Mexico,90028,TRUE,FALSE,Manager,Rural,Facebook,224,Life Hacks,FALSE
62,Male,United States,42207,FALSE,TRUE,Students,Rural,YouTube,48,Life Hacks,TRUE
18,Male,India,41386,FALSE,TRUE,Waiting staff,Rural,Instagram,268,Life Hacks,TRUE
33,Female,Philippines,79518,TRUE,TRUE,Labor/Worker,Rural,Facebook,213,Gaming,TRUE
56,Male,Barzil,72781,TRUE,TRUE,Engineer,Rural,Instagram,16,Vlogs,TRUE
22,Male,Vietnam,72780,TRUE,FALSE,Labor/Worker,Urban,TikTok,58,Trends,FALSE
39,Female,India,81440,TRUE,TRUE,driver,Urban,YouTube,35,Entertainment,TRUE
46,Other,Mexico,64199,TRUE,FALSE,driver,Urban,TikTok,170,Jokes/Memes,FALSE
20,Male,Indonesia,81035,TRUE,TRUE,Waiting staff,Rural,TikTok,185,Entertainment,TRUE
29,Male,United States,28210,FALSE,FALSE,driver,Urban,YouTube,88,Entertainment,FALSE
43,Male,United States,64363,TRUE,TRUE,Manager,Rural,TikTok,11,Vlogs,TRUE
33,Male,Mexico,98279,TRUE,FALSE,driver,Rural,YouTube,141,Entertainment,FALSE
54,Other,Mexico,80348,TRUE,TRUE,Labor/Worker,Rural,Instagram,285,Trends,TRUE
39,Other,Vietnam,75284,TRUE,FALSE,Labor/Worker,Urban,TikTok,126,Jokes/Memes,FALSE
46,Male,India,92124,TRUE,TRUE,Waiting staff,Rural,YouTube,173,Trends,TRUE
31,Female,Japan,88847,TRUE,FALSE,Manager,Rural,Facebook,297,Vlogs,FALSE
45,Male,United States,42432,FALSE,TRUE,Students,Rural,TikTok,37,Entertainment,TRUE
22,Female,United States,84089,TRUE,FALSE,Labor/Worker,Rural,Instagram,10,Vlogs,FALSE
64,Male,Indonesia,75398,TRUE,TRUE,Labor/Worker,Rural,YouTube,197,Life Hacks,TRUE
47,Female,Indonesia,23321,FALSE,FALSE,Labor/Worker,Rural,TikTok,65,Jokes/Memes,FALSE
63,Male,India,57383,TRUE,TRUE,Engineer,Rural,TikTok,44,Life Hacks,TRUE
22,Male,Mexico,98682,TRUE,FALSE,Labor/Worker,Urban,TikTok,121,Jokes/Memes,FALSE
29,Female,Barzil,99190,TRUE,TRUE,Waiting staff,Rural,Instagram,295,ASMR,TRUE
33,Female,India,72893,TRUE,TRUE,driver,Rural,YouTube,45,Trends,TRUE
43,Male,United States,55820,TRUE,TRUE,Students,Rural,Facebook,226,Vlogs,TRUE
43,Female,Vietnam,86262,TRUE,TRUE,Manager,Rural,Facebook,89,Life Hacks,TRUE
38,Male,Indonesia,23760,FALSE,FALSE,Students,Rural,Facebook,92,Vlogs,FALSE
56,Other,United States,42190,FALSE,TRUE,driver,Urban,YouTube,74,Jokes/Memes,TRUE
53,Female,India,87411,TRUE,FALSE,Students,Urban,Facebook,137,Gaming,FALSE
50,Other,Philippines,43377,FALSE,TRUE,Labor/Worker,Rural,Instagram,31,Comedy,TRUE
47,Male,United States,66737,TRUE,FALSE,Students,Rural,YouTube,225,Jokes/Memes,FALSE
54,Male,India,89569,TRUE,TRUE,Manager,Rural,TikTok,116,Life Hacks,TRUE
40,Male,Barzil,58211,TRUE,FALSE,Manager,Rural,Instagram,118,Comedy,FALSE
27,Female,India,23744,FALSE,TRUE,driver,Rural,TikTok,190,Life Hacks,TRUE
22,Male,Philippines,44995,FALSE,FALSE,driver,Urban,Facebook,173,Gaming,FALSE
53,Male,India,36977,FALSE,TRUE,Students,Urban,Instagram,77,Entertainment,TRUE
51,Female,Japan,54542,TRUE,FALSE,driver,Urban,YouTube,189,Trends,FALSE
48,Other,United States,30651,FALSE,TRUE,Labor/Worker,Rural,Instagram,190,Pranks,TRUE
27,Female,India,98931,TRUE,FALSE,Labor/Worker,Rural,TikTok,178,Jokes/Memes,FALSE
36,Male,Germany,36715,FALSE,TRUE,Waiting staff,Urban,YouTube,31,Life Hacks,TRUE
49,Female,Japan,64409,TRUE,FALSE,Artist,Rural,Instagram,75,Comedy,FALSE
18,Male,Japan,44306,FALSE,TRUE,Waiting staff,Rural,Instagram,30,Trends,TRUE
22,Female,India,39086,FALSE,FALSE,Labor/Worker,Rural,Instagram,109,Trends,FALSE
62,Male,Germany,34376,FALSE,TRUE,Waiting staff,Urban,Instagram,112,Life Hacks,TRUE
21,Other,India,81350,TRUE,TRUE,Labor/Worker,Rural,YouTube,56,Life Hacks,TRUE
33,Male,United States,91425,TRUE,TRUE,Waiting staff,Urban,TikTok,48,Gaming,TRUE
41,Female,Barzil,56636,TRUE,TRUE,Students,Rural,Instagram,294,Pranks,TRUE
33,Female,Pakistan,71649,TRUE,FALSE,driver,Urban,YouTube,99,Vlogs,FALSE
19,Male,United States,54610,TRUE,TRUE,Students,Rural,TikTok,94,Jokes/Memes,TRUE
45,Female,India,30058,FALSE,FALSE,Students,Rural,Instagram,282,ASMR,FALSE
49,Male,Barzil,94637,TRUE,TRUE,Students,Rural,TikTok,197,Entertainment,TRUE
44,Male,Indonesia,98033,TRUE,FALSE,Labor/Worker,Rural,TikTok,168,Gaming,FALSE
37,Male,India,90194,TRUE,TRUE,Waiting staff,Rural,YouTube,252,Jokes/Memes,TRUE
41,Female,Indonesia,96917,TRUE,FALSE,Engineer,Urban,TikTok,82,Vlogs,FALSE
29,Female,Germany,84200,TRUE,TRUE,driver,Urban,YouTube,58,Entertainment,TRUE
52,Male,Indonesia,66619,TRUE,FALSE,Artist,Rural,Instagram,110,Gaming,FALSE
50,Female,Vietnam,37154,FALSE,TRUE,Waiting staff,Rural,TikTok,11,Jokes/Memes,TRUE
50,Male,United States,39539,FALSE,FALSE,driver,Urban,TikTok,253,Vlogs,FALSE
60,Other,United States,80058,TRUE,TRUE,Students,Rural,Facebook,185,Vlogs,TRUE
54,Male,Pakistan,82068,TRUE,FALSE,Students,Urban,Instagram,247,Jokes/Memes,FALSE
29,Male,Vietnam,97313,TRUE,TRUE,Students,Rural,Instagram,68,Life Hacks,TRUE
20,Female,India,50373,TRUE,FALSE,Waiting staff,Urban,Facebook,108,ASMR,FALSE
18,Male,Pakistan,53154,TRUE,TRUE,Manager,Rural,Facebook,11,Jokes/Memes,TRUE
50,Male,Indonesia,26031,FALSE,FALSE,Labor/Worker,Rural,YouTube,252,Jokes/Memes,FALSE
57,Female,India,91975,TRUE,TRUE,Students,Rural,YouTube,220,Comedy,TRUE
27,Female,Philippines,42785,FALSE,TRUE,Labor/Worker,Rural,TikTok,132,Vlogs,TRUE
60,Other,India,98928,TRUE,TRUE,Labor/Worker,Rural,TikTok,238,Pranks,TRUE
61,Female,Mexico,48669,FALSE,TRUE,Labor/Worker,Rural,TikTok,91,Jokes/Memes,TRUE
46,Male,Pakistan,22282,FALSE,FALSE,Students,Urban,TikTok,153,Gaming,FALSE
30,Female,Indonesia,54624,TRUE,TRUE,Engineer,Rural,YouTube,149,ASMR,TRUE
29,Female,India,68438,TRUE,FALSE,Labor/Worker,Urban,Instagram,38,Vlogs,FALSE
48,Other,Barzil,87534,TRUE,TRUE,Labor/Worker,Rural,TikTok,279,Comedy,TRUE
63,Male,United States,51705,TRUE,FALSE,Students,Rural,Instagram,256,Entertainment,FALSE
19,Male,Japan,58244,TRUE,TRUE,Waiting staff,Urban,TikTok,21,Vlogs,TRUE
52,Male,United States,94964,TRUE,FALSE,Waiting staff,Urban,Facebook,115,Trends,FALSE
40,Female,India,57437,TRUE,TRUE,Students,Rural,TikTok,41,Gaming,TRUE
34,Male,India,97872,TRUE,FALSE,Students,Urban,TikTok,83,Life Hacks,FALSE
43,Male,Germany,94878,TRUE,TRUE,Engineer,Rural,TikTok,180,Vlogs,TRUE
25,Other,India,92982,TRUE,FALSE,Labor/Worker,Rural,YouTube,78,Life Hacks,FALSE
46,Female,India,70583,TRUE,TRUE,Waiting staff,Urban,Facebook,146,Trends,TRUE
43,Male,India,58392,TRUE,FALSE,Teacher,Rural,TikTok,109,Jokes/Memes,FALSE
27,Other,United States,27461,FALSE,TRUE,Artist,Urban,TikTok,155,Jokes/Memes,TRUE
43,Male,India,30516,FALSE,FALSE,Waiting staff,Rural,Instagram,18,Life Hacks,FALSE
51,Male,Pakistan,99285,TRUE,TRUE,Students,Rural,Facebook,71,Life Hacks,TRUE
58,Other,Japan,37514,FALSE,FALSE,Engineer,Rural,TikTok,194,Trends,FALSE
24,Male,India,56268,TRUE,TRUE,Artist,Urban,Instagram,38,Comedy,TRUE
21,Female,Japan,56788,TRUE,TRUE,Waiting staff,Rural,Instagram,123,Gaming,TRUE
62,Male,Philippines,95749,TRUE,TRUE,Artist,Rural,YouTube,152,Entertainment,TRUE
28,Female,Indonesia,81049,TRUE,TRUE,Cashier,Rural,Instagram,129,Pranks,TRUE
46,Male,India,82493,TRUE,FALSE,Labor/Worker,Rural,TikTok,179,Jokes/Memes,FALSE
53,Female,United States,56027,TRUE,TRUE,Students,Rural,YouTube,166,Vlogs,TRUE
42,Other,India,62849,TRUE,FALSE,Cashier,Rural,YouTube,269,Gaming,FALSE
38,Male,Indonesia,37858,FALSE,TRUE,Manager,Rural,TikTok,91,Life Hacks,TRUE
53,Female,Philippines,99003,TRUE,FALSE,driver,Rural,Facebook,251,Trends,FALSE
27,Male,United States,72395,TRUE,TRUE,driver,Rural,Instagram,181,ASMR,TRUE
54,Male,India,59758,TRUE,FALSE,Students,Rural,YouTube,240,Life Hacks,FALSE
26,Other,India,74312,TRUE,TRUE,Artist,Rural,Facebook,217,Gaming,TRUE
41,Male,Japan,88670,TRUE,FALSE,Students,Urban,TikTok,84,Trends,FALSE
52,Male,Indonesia,35434,FALSE,TRUE,Waiting staff,Rural,Instagram,279,Trends,TRUE
52,Male,Japan,84047,TRUE,FALSE,Waiting staff,Urban,Instagram,123,Trends,FALSE
53,Other,Philippines,67775,TRUE,TRUE,Students,Rural,YouTube,71,Jokes/Memes,TRUE
35,Other,United States,95769,TRUE,FALSE,Manager,Rural,Instagram,111,Pranks,FALSE
56,Female,India,86677,TRUE,TRUE,Labor/Worker,Rural,Instagram,219,Jokes/Memes,TRUE
49,Female,Mexico,65734,TRUE,FALSE,Waiting staff,Urban,Instagram,264,Comedy,FALSE
41,Female,United States,60603,TRUE,TRUE,Students,Rural,Instagram,29,ASMR,TRUE
40,Other,India,96708,TRUE,FALSE,Manager,Rural,TikTok,67,Life Hacks,FALSE
49,Male,United States,88803,TRUE,TRUE,Cashier,Urban,Facebook,121,Vlogs,TRUE
54,Male,Japan,59332,TRUE,TRUE,driver,Rural,TikTok,205,Vlogs,TRUE
29,Male,United States,41312,FALSE,TRUE,Labor/Worker,Rural,TikTok,101,ASMR,TRUE
30,Male,Philippines,64179,TRUE,TRUE,Engineer,Rural,YouTube,61,Comedy,TRUE
40,Other,Vietnam,91442,TRUE,FALSE,Teacher,Rural,Instagram,17,Gaming,FALSE
42,Male,Vietnam,60379,TRUE,TRUE,Students,Rural,TikTok,107,Entertainment,TRUE
52,Male,Vietnam,37297,FALSE,FALSE,Cashier,Urban,Instagram,245,Jokes/Memes,FALSE
58,Male,Philippines,22011,FALSE,TRUE,Manager,Urban,TikTok,78,Jokes/Memes,TRUE
47,Female,United States,64014,TRUE,FALSE,Labor/Worker,Rural,TikTok,54,Entertainment,FALSE
34,Female,India,31738,FALSE,TRUE,Students,Urban,YouTube,146,Pranks,TRUE
37,Male,Philippines,67498,TRUE,FALSE,Cashier,Urban,Facebook,243,Pranks,FALSE
42,Female,Vietnam,31120,FALSE,TRUE,Waiting staff,Rural,Facebook,41,Pranks,TRUE
39,Male,Indonesia,28767,FALSE,FALSE,Waiting staff,Rural,TikTok,298,Gaming,FALSE
30,Male,Philippines,42852,FALSE,TRUE,driver,Rural,YouTube,135,Trends,TRUE
36,Male,Germany,99239,TRUE,FALSE,Students,Rural,Instagram,76,Pranks,FALSE
53,Male,India,20929,FALSE,TRUE,Students,Rural,Instagram,39,Vlogs,TRUE
29,Female,Vietnam,97487,TRUE,FALSE,driver,Rural,TikTok,123,Comedy,FALSE
58,Other,Barzil,37438,FALSE,TRUE,Teacher,Rural,Facebook,213,Jokes/Memes,TRUE
36,Other,India,68515,TRUE,FALSE,Students,Rural,YouTube,38,Trends,FALSE
29,Male,India,25744,FALSE,TRUE,Manager,Rural,Facebook,140,Vlogs,TRUE
26,Other,United States,62417,TRUE,FALSE,Students,Rural,Instagram,194,Jokes/Memes,FALSE
24,Male,India,27069,FALSE,TRUE,Students,Rural,Facebook,262,Life Hacks,TRUE
45,Female,India,62359,TRUE,TRUE,Labor/Worker,Rural,Instagram,295,Jokes/Memes,TRUE
31,Male,Pakistan,39799,FALSE,TRUE,Waiting staff,Rural,YouTube,71,Jokes/Memes,TRUE
48,Female,Japan,90188,TRUE,TRUE,Waiting staff,Rural,YouTube,12,Gaming,TRUE
36,Female,India,27597,FALSE,FALSE,Cashier,Urban,TikTok,77,Jokes/Memes,FALSE
64,Male,Germany,67093,TRUE,TRUE,Students,Rural,TikTok,34,Pranks,TRUE
33,Female,India,57226,TRUE,FALSE,Teacher,Rural,Facebook,188,Life Hacks,FALSE
22,Male,Philippines,92127,TRUE,TRUE,Waiting staff,Rural,YouTube,150,Pranks,TRUE
52,Other,Mexico,97362,TRUE,FALSE,Labor/Worker,Rural,YouTube,240,Vlogs,FALSE
29,Male,Japan,46417,FALSE,TRUE,Students,Rural,TikTok,172,Pranks,TRUE
42,Male,Barzil,38693,FALSE,FALSE,driver,Rural,Instagram,139,Vlogs,FALSE
38,Male,India,99674,TRUE,TRUE,driver,Rural,Facebook,255,ASMR,TRUE
53,Other,Japan,73161,TRUE,FALSE,Teacher,Rural,Facebook,181,Vlogs,FALSE
40,Female,India,22169,FALSE,TRUE,Teacher,Rural,TikTok,73,Life Hacks,TRUE
33,Male,United States,42052,FALSE,FALSE,Cashier,Rural,YouTube,40,ASMR,FALSE
56,Female,Japan,91849,TRUE,TRUE,Labor/Worker,Rural,TikTok,56,Vlogs,TRUE
62,Male,Vietnam,93851,TRUE,FALSE,Students,Urban,TikTok,139,Gaming,FALSE
59,Female,India,28036,FALSE,TRUE,Labor/Worker,Rural,TikTok,119,Gaming,TRUE
56,Male,Barzil,51778,TRUE,FALSE,Students,Rural,TikTok,78,Comedy,FALSE
31,Male,Vietnam,47734,FALSE,TRUE,Waiting staff,Urban,Instagram,67,Jokes/Memes,TRUE
48,Female,India,43173,FALSE,FALSE,Labor/Worker,Rural,Instagram,115,Vlogs,FALSE
22,Male,United States,50403,TRUE,TRUE,Labor/Worker,Rural,YouTube,265,Life Hacks,TRUE
52,Other,United States,86321,TRUE,TRUE,Cashier,Rural,TikTok,180,ASMR,TRUE
40,Male,Barzil,91675,TRUE,TRUE,Labor/Worker,Rural,Instagram,171,Gaming,TRUE
46,Male,Mexico,26344,FALSE,TRUE,Cashier,Rural,YouTube,295,Gaming,TRUE
60,Other,India,38800,FALSE,FALSE,Labor/Worker,Urban,TikTok,80,Entertainment,FALSE
28,Male,United States,45372,FALSE,TRUE,Teacher,Rural,Facebook,264,Jokes/Memes,TRUE
35,Male,Barzil,81516,TRUE,FALSE,Labor/Worker,Rural,Instagram,64,Entertainment,FALSE
64,Male,Vietnam,40538,FALSE,TRUE,Students,Rural,YouTube,12,Comedy,TRUE
29,Female,United States,83918,TRUE,FALSE,Labor/Worker,Rural,Facebook,35,Pranks,FALSE
26,Female,Philippines,34973,FALSE,TRUE,Students,Rural,TikTok,135,Jokes/Memes,TRUE
27,Male,United States,91155,TRUE,FALSE,Cashier,Rural,TikTok,62,Life Hacks,FALSE
61,Male,United States,79500,TRUE,TRUE,Students,Urban,TikTok,207,Life Hacks,TRUE
34,Male,Vietnam,56575,TRUE,FALSE,Waiting staff,Urban,Instagram,197,Vlogs,FALSE
55,Female,Indonesia,62261,TRUE,TRUE,Waiting staff,Rural,YouTube,195,Trends,TRUE
24,Male,Barzil,47716,FALSE,FALSE,Waiting staff,Rural,Facebook,213,Gaming,FALSE
63,Female,India,23236,FALSE,TRUE,Artist,Rural,YouTube,20,Entertainment,TRUE
30,Female,United States,35848,FALSE,FALSE,driver,Rural,Instagram,155,ASMR,FALSE
57,Other,United States,22352,FALSE,TRUE,Students,Rural,YouTube,94,Life Hacks,TRUE
59,Male,Philippines,21932,FALSE,FALSE,Waiting staff,Rural,Instagram,109,Jokes/Memes,FALSE
26,Male,India,96449,TRUE,TRUE,Cashier,Rural,TikTok,113,Life Hacks,TRUE
44,Male,Barzil,28556,FALSE,FALSE,driver,Rural,Facebook,55,Life Hacks,FALSE
19,Other,Germany,25498,FALSE,TRUE,Waiting staff,Rural,TikTok,53,Pranks,TRUE
22,Male,Vietnam,96118,TRUE,TRUE,Labor/Worker,Rural,YouTube,287,Trends,TRUE
46,Male,Indonesia,70098,TRUE,TRUE,driver,Rural,TikTok,190,Trends,TRUE
54,Male,Barzil,84386,TRUE,TRUE,driver,Rural,Facebook,196,Gaming,TRUE
55,Male,United States,29569,FALSE,FALSE,Students,Urban,TikTok,123,Entertainment,FALSE
36,Female,Philippines,76882,TRUE,TRUE,Labor/Worker,Rural,Facebook,264,Vlogs,TRUE
25,Other,Indonesia,90393,TRUE,FALSE,Manager,Urban,Facebook,39,Entertainment,FALSE
62,Male,United States,20340,FALSE,TRUE,Waiting staff,Urban,TikTok,273,Comedy,TRUE
18,Female,Barzil,63949,TRUE,FALSE,Waiting staff,Rural,Instagram,107,Vlogs,FALSE
39,Male,India,82443,TRUE,TRUE,Labor/Worker,Rural,YouTube,124,Gaming,TRUE
34,Male,Germany,94027,TRUE,FALSE,Labor/Worker,Rural,Instagram,285,Vlogs,FALSE
24,Male,United States,20138,FALSE,TRUE,Labor/Worker,Rural,Instagram,290,Jokes/Memes,TRUE
42,Male,Indonesia,20358,FALSE,FALSE,Cashier,Rural,TikTok,284,Gaming,FALSE
62,Female,Indonesia,95250,TRUE,TRUE,Waiting staff,Urban,YouTube,270,Trends,TRUE
21,Male,United States,50654,TRUE,FALSE,Waiting staff,Rural,YouTube,216,Trends,FALSE
53,Male,Pakistan,45879,FALSE,TRUE,Students,Rural,Instagram,220,Vlogs,TRUE
23,Male,Barzil,75778,TRUE,FALSE,Artist,Rural,TikTok,224,ASMR,FALSE
48,Male,Pakistan,57772,TRUE,TRUE,Students,Rural,YouTube,49,Pranks,TRUE
36,Female,Mexico,78478,TRUE,FALSE,Labor/Worker,Rural,Instagram,35,Entertainment,FALSE
61,Female,Barzil,84353,TRUE,TRUE,Engineer,Urban,YouTube,36,Jokes/Memes,TRUE
56,Female,United States,46762,FALSE,FALSE,Artist,Rural,TikTok,199,Entertainment,FALSE
44,Male,India,33283,FALSE,TRUE,Labor/Worker,Urban,TikTok,92,Gaming,TRUE
27,Male,Philippines,83922,TRUE,TRUE,Labor/Worker,Rural,TikTok,179,Jokes/Memes,TRUE
43,Male,United States,59420,TRUE,TRUE,Engineer,Urban,YouTube,176,Trends,TRUE
36,Male,Pakistan,75568,TRUE,TRUE,Waiting staff,Rural,Facebook,197,ASMR,TRUE
56,Male,India,40219,FALSE,FALSE,Waiting staff,Rural,YouTube,178,ASMR,FALSE
20,Female,Philippines,77169,TRUE,TRUE,Waiting staff,Rural,Facebook,298,Life Hacks,TRUE
62,Female,United States,94965,TRUE,FALSE,driver,Rural,TikTok,238,Trends,FALSE
30,Other,United States,66840,TRUE,TRUE,driver,Rural,Instagram,106,ASMR,TRUE
45,Male,India,64695,TRUE,FALSE,Students,Rural,Facebook,25,Jokes/Memes,FALSE
37,Male,United States,97988,TRUE,TRUE,Engineer,Rural,TikTok,288,Gaming,TRUE
45,Female,Philippines,78342,TRUE,FALSE,Students,Rural,TikTok,144,Trends,FALSE
25,Female,United States,38951,FALSE,TRUE,Labor/Worker,Rural,Facebook,35,Jokes/Memes,TRUE
58,Other,India,21307,FALSE,FALSE,Students,Rural,Instagram,21,ASMR,FALSE
56,Male,India,55428,TRUE,TRUE,Labor/Worker,Rural,TikTok,81,Jokes/Memes,TRUE
18,Female,India,95774,TRUE,FALSE,Waiting staff,Rural,Facebook,142,Entertainment,FALSE
20,Male,Vietnam,58975,TRUE,TRUE,Students,Urban,Instagram,115,ASMR,TRUE
30,Female,Germany,21140,FALSE,FALSE,Labor/Worker,Rural,Instagram,229,Pranks,FALSE
45,Male,United States,44842,FALSE,TRUE,Labor/Worker,Rural,TikTok,186,Life Hacks,TRUE
42,Male,United States,46421,FALSE,FALSE,Cashier,Rural,YouTube,291,Vlogs,FALSE
50,Male,Barzil,21708,FALSE,TRUE,Artist,Rural,YouTube,142,Vlogs,TRUE
55,Female,United States,23630,FALSE,FALSE,Waiting staff,Urban,TikTok,31,Jokes/Memes,FALSE
23,Male,Pakistan,39595,FALSE,TRUE,Students,Rural,Instagram,278,Vlogs,TRUE
61,Other,United States,96021,TRUE,TRUE,Students,Rural,TikTok,170,Pranks,TRUE
62,Male,India,48308,FALSE,TRUE,Labor/Worker,Rural,Facebook,116,Life Hacks,TRUE
49,Male,United States,64789,TRUE,TRUE,Students,Rural,YouTube,288,Gaming,TRUE
62,Female,Vietnam,75690,TRUE,FALSE,Labor/Worker,Rural,Facebook,244,Pranks,FALSE
64,Male,India,46086,FALSE,TRUE,Labor/Worker,Rural,TikTok,27,Gaming,TRUE
38,Female,Mexico,36859,FALSE,FALSE,Waiting staff,Rural,TikTok,251,Vlogs,FALSE
33,Male,India,27684,FALSE,TRUE,Cashier,Rural,Instagram,126,Life Hacks,TRUE
38,Male,Japan,21207,FALSE,FALSE,Students,Rural,Instagram,295,Trends,FALSE
28,Male,Philippines,66099,TRUE,TRUE,Manager,Rural,Instagram,291,Life Hacks,TRUE
54,Male,United States,87496,TRUE,FALSE,Students,Rural,Facebook,153,Jokes/Memes,FALSE
53,Other,Philippines,86093,TRUE,TRUE,Students,Rural,Instagram,214,ASMR,TRUE
52,Male,Indonesia,49689,FALSE,FALSE,Labor/Worker,Rural,TikTok,48,Life Hacks,FALSE
36,Female,Pakistan,68651,TRUE,TRUE,driver,Urban,Instagram,163,ASMR,TRUE
37,Male,United States,33893,FALSE,FALSE,Students,Urban,YouTube,185,Life Hacks,FALSE
35,Male,Pakistan,86418,TRUE,TRUE,Students,Urban,Instagram,250,Jokes/Memes,TRUE
64,Male,Philippines,80011,TRUE,FALSE,Waiting staff,Urban,Facebook,143,Pranks,FALSE
58,Male,India,58635,TRUE,TRUE,Students,Rural,YouTube,55,Vlogs,TRUE
31,Male,Japan,76115,TRUE,FALSE,Waiting staff,Rural,YouTube,59,Entertainment,FALSE
32,Male,India,98405,TRUE,TRUE,Waiting staff,Rural,YouTube,175,Entertainment,TRUE
48,Male,Mexico,92702,TRUE,FALSE,Students,Rural,Facebook,115,Gaming,FALSE
18,Male,Japan,98518,TRUE,TRUE,Labor/Worker,Rural,TikTok,225,Pranks,TRUE
20,Male,Japan,92805,TRUE,TRUE,Students,Rural,Instagram,155,Life Hacks,TRUE
33,Female,India,78954,TRUE,TRUE,Teacher,Rural,YouTube,81,Jokes/Memes,TRUE
40,Female,India,48064,FALSE,TRUE,Artist,Rural,YouTube,282,Pranks,TRUE
28,Male,Vietnam,99063,TRUE,FALSE,Manager,Rural,YouTube,256,Vlogs,FALSE
29,Other,Philippines,22454,FALSE,TRUE,Manager,Urban,TikTok,195,Life Hacks,TRUE
27,Female,India,40878,FALSE,FALSE,Labor/Worker,Rural,TikTok,79,Life Hacks,FALSE
49,Male,Pakistan,71098,TRUE,TRUE,Labor/Worker,Rural,Facebook,159,Entertainment,TRUE
33,Male,India,82154,TRUE,FALSE,Teacher,Rural,TikTok,255,ASMR,FALSE
25,Male,Pakistan,32991,FALSE,TRUE,Students,Urban,Instagram,271,Entertainment,TRUE
55,Female,Vietnam,88344,TRUE,FALSE,driver,Rural,Facebook,35,Pranks,FALSE
29,Male,Mexico,56593,TRUE,TRUE,driver,Rural,Facebook,149,Jokes/Memes,TRUE
41,Male,United States,56304,TRUE,FALSE,Students,Rural,Instagram,108,Gaming,FALSE
45,Female,Vietnam,50386,TRUE,TRUE,Waiting staff,Rural,Instagram,287,Pranks,TRUE
25,Female,Germany,75220,TRUE,FALSE,Students,Rural,Instagram,60,ASMR,FALSE
45,Male,Barzil,89338,TRUE,TRUE,Students,Rural,Facebook,160,Life Hacks,TRUE
53,Male,India,41083,FALSE,FALSE,Waiting staff,Urban,Facebook,113,Pranks,FALSE
43,Other,Mexico,38354,FALSE,TRUE,Students,Rural,Facebook,98,Vlogs,TRUE
25,Female,Germany,42190,FALSE,FALSE,Waiting staff,Rural,Instagram,150,Jokes/Memes,FALSE
45,Female,Indonesia,26142,FALSE,TRUE,Cashier,Rural,Instagram,222,Life Hacks,TRUE
45,Female,Mexico,48398,FALSE,FALSE,Teacher,Urban,YouTube,242,Life Hacks,FALSE
54,Other,India,71971,TRUE,TRUE,Cashier,Urban,TikTok,192,Gaming,TRUE
58,Male,India,61862,TRUE,TRUE,Artist,Rural,YouTube,260,Vlogs,TRUE
53,Male,Vietnam,73410,TRUE,TRUE,Students,Rural,Instagram,18,Life Hacks,TRUE
44,Female,Barzil,39503,FALSE,TRUE,Cashier,Rural,Facebook,88,Gaming,TRUE
34,Female,Mexico,68456,TRUE,FALSE,Students,Urban,Instagram,61,Vlogs,FALSE
26,Male,Philippines,28016,FALSE,TRUE,Students,Urban,TikTok,278,Life Hacks,TRUE
50,Other,India,22384,FALSE,FALSE,Cashier,Rural,YouTube,235,Jokes/Memes,FALSE
37,Male,United States,82320,TRUE,TRUE,Students,Rural,YouTube,60,Trends,TRUE
30,Male,Vietnam,35072,FALSE,FALSE,Students,Urban,Facebook,195,Jokes/Memes,FALSE
45,Male,India,60510,TRUE,TRUE,driver,Rural,YouTube,43,Vlogs,TRUE
46,Male,Barzil,68933,TRUE,FALSE,Labor/Worker,Rural,YouTube,239,Trends,FALSE
30,Female,United States,41826,FALSE,TRUE,Labor/Worker,Urban,Instagram,140,Entertainment,TRUE
63,Female,Mexico,88026,TRUE,FALSE,Labor/Worker,Rural,YouTube,129,Pranks,FALSE
52,Male,Philippines,45518,FALSE,TRUE,Artist,Rural,YouTube,256,Life Hacks,TRUE
23,Male,Mexico,44045,FALSE,FALSE,Waiting staff,Rural,YouTube,201,Entertainment,FALSE
35,Other,Japan,70876,TRUE,TRUE,Students,Rural,Facebook,219,Life Hacks,TRUE
22,Male,Barzil,71919,TRUE,FALSE,Waiting staff,Rural,Facebook,112,Entertainment,FALSE
64,Other,Germany,47103,FALSE,TRUE,Students,Rural,Instagram,142,Vlogs,TRUE
42,Female,India,56188,TRUE,FALSE,Artist,Rural,YouTube,148,Entertainment,FALSE
19,Male,Philippines,25845,FALSE,TRUE,Labor/Worker,Rural,Facebook,130,ASMR,TRUE
27,Female,India,56674,TRUE,FALSE,driver,Rural,Facebook,103,Jokes/Memes,FALSE
47,Female,Mexico,39337,FALSE,TRUE,Waiting staff,Rural,Instagram,138,Vlogs,TRUE
62,Female,India,42313,FALSE,TRUE,driver,Rural,TikTok,100,Vlogs,TRUE
22,Other,Mexico,46943,FALSE,TRUE,Students,Urban,YouTube,101,Life Hacks,TRUE
50,Male,India,97949,TRUE,TRUE,Waiting staff,Urban,Facebook,72,Trends,TRUE
18,Male,United States,20276,FALSE,FALSE,Students,Rural,Instagram,38,Vlogs,FALSE
35,Other,United States,71151,TRUE,TRUE,Labor/Worker,Rural,Instagram,219,Pranks,TRUE
49,Female,United States,37611,FALSE,FALSE,Cashier,Urban,Instagram,21,Gaming,FALSE
64,Female,Mexico,31944,FALSE,TRUE,Artist,Rural,Facebook,139,Life Hacks,TRUE
28,Female,Pakistan,72887,TRUE,FALSE,Students,Rural,YouTube,182,ASMR,FALSE
38,Female,United States,69847,TRUE,TRUE,Cashier,Rural,TikTok,217,Trends,TRUE
43,Female,Germany,78653,TRUE,FALSE,Students,Rural,YouTube,33,Pranks,FALSE
42,Male,United States,76622,TRUE,TRUE,Waiting staff,Rural,Instagram,108,ASMR,TRUE
39,Male,India,47810,FALSE,FALSE,Waiting staff,Rural,Instagram,148,Trends,FALSE
44,Female,Barzil,97842,TRUE,TRUE,Engineer,Rural,TikTok,183,Vlogs,TRUE
30,Other,India,30503,FALSE,FALSE,driver,Rural,YouTube,38,Pranks,FALSE
50,Male,Vietnam,56976,TRUE,TRUE,Waiting staff,Rural,Instagram,152,Comedy,TRUE
51,Female,India,31590,FALSE,FALSE,Waiting staff,Rural,Instagram,51,Trends,FALSE
58,Other,Germany,30886,FALSE,TRUE,Waiting staff,Rural,YouTube,217,Gaming,TRUE
52,Male,Pakistan,32866,FALSE,FALSE,Students,Rural,Instagram,201,Entertainment,FALSE
18,Other,United States,86624,TRUE,TRUE,Waiting staff,Rural,YouTube,169,Life Hacks,TRUE
38,Female,United States,88899,TRUE,FALSE,Students,Rural,Instagram,73,Gaming,FALSE
23,Male,Indonesia,52792,TRUE,TRUE,Cashier,Rural,YouTube,252,Gaming,TRUE
45,Female,Mexico,29764,FALSE,TRUE,driver,Rural,TikTok,267,ASMR,TRUE
34,Female,Pakistan,62727,TRUE,TRUE,Students,Rural,Instagram,161,ASMR,TRUE
22,Other,Indonesia,98471,TRUE,TRUE,driver,Rural,TikTok,224,Entertainment,TRUE
48,Male,Vietnam,28068,FALSE,FALSE,Labor/Worker,Rural,Instagram,175,Life Hacks,FALSE
22,Female,India,27295,FALSE,TRUE,Students,Rural,Instagram,40,Trends,TRUE
55,Female,Mexico,61160,TRUE,FALSE,Manager,Rural,Facebook,241,Life Hacks,FALSE
20,Male,Mexico,31390,FALSE,TRUE,Cashier,Rural,YouTube,291,Pranks,TRUE
40,Male,Japan,40131,FALSE,FALSE,Cashier,Urban,TikTok,38,Entertainment,FALSE
54,Female,Japan,95969,TRUE,TRUE,Engineer,Urban,TikTok,204,Pranks,TRUE
54,Male,India,35038,FALSE,FALSE,Students,Rural,TikTok,265,Pranks,FALSE
27,Female,India,72327,TRUE,TRUE,Waiting staff,Rural,YouTube,290,Pranks,TRUE
27,Male,India,97064,TRUE,FALSE,Teacher,Rural,Facebook,96,Entertainment,FALSE
36,Male,India,41281,FALSE,TRUE,Cashier,Rural,TikTok,158,Entertainment,TRUE
34,Male,United States,74189,TRUE,FALSE,Labor/Worker,Urban,YouTube,258,Gaming,FALSE
38,Other,United States,68511,TRUE,TRUE,Students,Rural,Instagram,292,Trends,TRUE
31,Male,Japan,28605,FALSE,FALSE,Labor/Worker,Rural,TikTok,207,Vlogs,FALSE
26,Male,Japan,21381,FALSE,TRUE,Waiting staff,Rural,TikTok,53,Vlogs,TRUE
63,Female,Japan,86634,TRUE,FALSE,driver,Rural,Facebook,37,Vlogs,FALSE
18,Female,Pakistan,39810,FALSE,TRUE,Waiting staff,Urban,TikTok,26,Gaming,TRUE
62,Female,Barzil,44322,FALSE,FALSE,Teacher,Urban,TikTok,136,Vlogs,FALSE
30,Other,India,61869,TRUE,TRUE,Labor/Worker,Urban,Instagram,177,Gaming,TRUE
21,Female,Pakistan,52955,TRUE,TRUE,Students,Rural,YouTube,253,Comedy,TRUE
18,Male,United States,81388,TRUE,TRUE,Students,Rural,YouTube,85,Entertainment,TRUE
57,Female,United States,30207,FALSE,TRUE,Waiting staff,Rural,Facebook,240,Vlogs,TRUE
49,Male,Vietnam,87628,TRUE,FALSE,Engineer,Rural,Instagram,213,Life Hacks,FALSE
51,Male,Germany,48220,FALSE,TRUE,Teacher,Rural,YouTube,257,Jokes/Memes,TRUE
45,Male,Mexico,94085,TRUE,FALSE,Waiting staff,Urban,Instagram,223,Life Hacks,FALSE
48,Male,India,42031,FALSE,TRUE,Teacher,Urban,YouTube,224,Jokes/Memes,TRUE
25,Male,Indonesia,90721,TRUE,FALSE,Cashier,Rural,Instagram,167,Pranks,FALSE
56,Male,Philippines,91312,TRUE,TRUE,Students,Rural,Facebook,78,ASMR,TRUE
43,Male,United States,79766,TRUE,FALSE,Labor/Worker,Rural,TikTok,94,Jokes/Memes,FALSE
51,Female,Vietnam,32449,FALSE,TRUE,Artist,Rural,Facebook,276,Trends,TRUE
20,Female,India,76699,TRUE,FALSE,Students,Urban,YouTube,78,ASMR,FALSE
29,Other,Germany,66092,TRUE,TRUE,Students,Rural,Facebook,108,Vlogs,TRUE
18,Female,Pakistan,83671,TRUE,FALSE,Students,Rural,TikTok,225,Vlogs,FALSE
61,Other,India,30350,FALSE,TRUE,Students,Rural,Facebook,170,Jokes/Memes,TRUE
22,Male,Mexico,88487,TRUE,FALSE,Labor/Worker,Urban,YouTube,103,Life Hacks,FALSE
47,Male,India,37622,FALSE,TRUE,Students,Urban,YouTube,183,Jokes/Memes,TRUE
47,Male,Barzil,90263,TRUE,FALSE,Labor/Worker,Rural,Facebook,174,Gaming,FALSE
34,Male,Japan,73117,TRUE,TRUE,Waiting staff,Rural,TikTok,124,Jokes/Memes,TRUE
64,Other,Japan,78394,TRUE,FALSE,Students,Rural,Facebook,229,Pranks,FALSE
40,Female,Mexico,43782,FALSE,TRUE,Artist,Rural,TikTok,40,Jokes/Memes,TRUE
32,Female,Germany,48454,FALSE,TRUE,Cashier,Rural,Instagram,20,Gaming,TRUE
54,Male,Vietnam,87904,TRUE,TRUE,Labor/Worker,Rural,TikTok,139,Pranks,TRUE
38,Male,Pakistan,35592,FALSE,TRUE,Labor/Worker,Urban,Instagram,114,Life Hacks,TRUE
31,Male,Japan,42173,FALSE,FALSE,Students,Urban,Facebook,36,Jokes/Memes,FALSE
19,Male,India,53204,TRUE,TRUE,driver,Rural,TikTok,236,Pranks,TRUE
28,Female,Indonesia,55596,TRUE,FALSE,Labor/Worker,Urban,Instagram,11,Gaming,FALSE
56,Other,United States,54324,TRUE,TRUE,Students,Rural,Instagram,110,Trends,TRUE
55,Male,United States,81202,TRUE,FALSE,Waiting staff,Rural,Instagram,30,Vlogs,FALSE
51,Male,United States,50750,TRUE,TRUE,Manager,Urban,YouTube,67,Life Hacks,TRUE
55,Male,Vietnam,96112,TRUE,FALSE,Students,Rural,Facebook,189,Jokes/Memes,FALSE
51,Male,India,36566,FALSE,TRUE,Waiting staff,Urban,Instagram,29,Pranks,TRUE
35,Male,India,27190,FALSE,FALSE,Students,Urban,TikTok,264,Jokes/Memes,FALSE
47,Male,Mexico,58333,TRUE,TRUE,Labor/Worker,Urban,Instagram,47,Jokes/Memes,TRUE
32,Female,United States,21589,FALSE,FALSE,Labor/Worker,Rural,YouTube,157,Comedy,FALSE
44,Female,India,45235,FALSE,TRUE,Students,Rural,Facebook,34,Life Hacks,TRUE
51,Other,Pakistan,20159,FALSE,FALSE,Students,Urban,YouTube,130,Jokes/Memes,FALSE
55,Female,Barzil,32145,FALSE,TRUE,Waiting staff,Rural,YouTube,35,Gaming,TRUE
50,Male,Barzil,51921,TRUE,FALSE,Students,Rural,YouTube,178,ASMR,FALSE
41,Male,India,36237,FALSE,TRUE,driver,Rural,TikTok,234,Life Hacks,TRUE
32,Male,Vietnam,28244,FALSE,FALSE,Manager,Rural,Facebook,10,Jokes/Memes,FALSE
47,Male,Japan,34743,FALSE,TRUE,Students,Urban,Facebook,270,Life Hacks,TRUE
59,Female,India,66101,TRUE,TRUE,Waiting staff,Rural,TikTok,22,Entertainment,TRUE
34,Female,United States,76378,TRUE,TRUE,Labor/Worker,Urban,Facebook,57,Entertainment,TRUE
22,Female,Philippines,91126,TRUE,TRUE,Students,Rural,YouTube,103,Life Hacks,TRUE
46,Male,United States,76071,TRUE,FALSE,Students,Rural,Facebook,270,ASMR,FALSE
21,Female,Mexico,91121,TRUE,TRUE,Engineer,Rural,TikTok,287,Jokes/Memes,TRUE
27,Other,Mexico,94763,TRUE,FALSE,Labor/Worker,Rural,YouTube,214,Pranks,FALSE
34,Male,Barzil,32237,FALSE,TRUE,Artist,Rural,TikTok,194,Life Hacks,TRUE
27,Male,Barzil,35649,FALSE,FALSE,Labor/Worker,Urban,Instagram,184,Gaming,FALSE
34,Male,Vietnam,57713,TRUE,TRUE,Manager,Rural,YouTube,78,Pranks,TRUE
37,Male,Germany,93463,TRUE,FALSE,Waiting staff,Rural,YouTube,113,Pranks,FALSE
41,Male,Indonesia,65409,TRUE,TRUE,Labor/Worker,Rural,Facebook,255,Gaming,TRUE
22,Other,Indonesia,68766,TRUE,FALSE,driver,Rural,YouTube,170,Gaming,FALSE
51,Female,Germany,66154,TRUE,TRUE,Waiting staff,Urban,TikTok,209,Jokes/Memes,TRUE
23,Female,Japan,27016,FALSE,FALSE,Labor/Worker,Rural,Facebook,225,Jokes/Memes,FALSE
19,Male,Indonesia,99563,TRUE,TRUE,Artist,Urban,Instagram,221,Vlogs,TRUE
30,Male,Vietnam,68688,TRUE,FALSE,Labor/Worker,Urban,TikTok,25,Jokes/Memes,FALSE
60,Female,Philippines,74238,TRUE,TRUE,Labor/Worker,Urban,Instagram,214,Life Hacks,TRUE
60,Male,Philippines,78608,TRUE,FALSE,Waiting staff,Rural,Instagram,48,Jokes/Memes,FALSE
28,Female,India,51897,TRUE,TRUE,driver,Rural,Instagram,98,Trends,TRUE
64,Female,India,70961,TRUE,FALSE,Teacher,Rural,YouTube,265,Jokes/Memes,FALSE
40,Male,Philippines,88703,TRUE,TRUE,Labor/Worker,Rural,TikTok,263,Gaming,TRUE
33,Female,United States,64757,TRUE,TRUE,Waiting staff,Urban,TikTok,225,Gaming,TRUE
48,Other,United States,46917,FALSE,TRUE,Students,Urban,YouTube,181,Comedy,TRUE
28,Male,Germany,42736,FALSE,TRUE,Students,Rural,Facebook,146,Vlogs,TRUE
33,Other,India,47990,FALSE,FALSE,Waiting staff,Urban,Instagram,187,ASMR,FALSE
25,Other,India,82551,TRUE,TRUE,Engineer,Urban,TikTok,86,Pranks,TRUE
21,Male,Barzil,78161,TRUE,FALSE,Labor/Worker,Rural,YouTube,197,Pranks,FALSE
57,Other,Mexico,99623,TRUE,TRUE,Labor/Worker,Urban,Instagram,24,Vlogs,TRUE
21,Female,Vietnam,42440,FALSE,FALSE,Waiting staff,Rural,Facebook,223,Jokes/Memes,FALSE
42,Female,Philippines,55205,TRUE,TRUE,Students,Urban,Facebook,217,Vlogs,TRUE
20,Female,Indonesia,75103,TRUE,FALSE,Students,Rural,Instagram,178,Entertainment,FALSE
49,Male,Germany,90812,TRUE,TRUE,driver,Rural,Facebook,289,Jokes/Memes,TRUE
20,Other,United States,61627,TRUE,FALSE,Labor/Worker,Rural,TikTok,155,Trends,FALSE
44,Male,Philippines,39008,FALSE,TRUE,Engineer,Rural,TikTok,272,Entertainment,TRUE
46,Female,India,91274,TRUE,FALSE,Waiting staff,Rural,TikTok,13,Gaming,FALSE
49,Other,Mexico,52402,TRUE,TRUE,Students,Rural,Facebook,99,Jokes/Memes,TRUE
36,Other,India,73384,TRUE,FALSE,Students,Rural,TikTok,69,Life Hacks,FALSE
38,Male,Indonesia,25793,FALSE,TRUE,Teacher,Rural,YouTube,25,Pranks,TRUE
22,Male,India,25571,FALSE,FALSE,Manager,Urban,TikTok,236,Jokes/Memes,FALSE
35,Female,Barzil,36209,FALSE,TRUE,Students,Rural,TikTok,38,Jokes/Memes,TRUE
45,Male,Philippines,63148,TRUE,FALSE,Waiting staff,Rural,Facebook,160,Trends,FALSE
59,Male,Barzil,22224,FALSE,TRUE,Students,Rural,TikTok,254,Life Hacks,TRUE
39,Male,Vietnam,68695,TRUE,TRUE,Engineer,Urban,Instagram,279,Pranks,TRUE
38,Male,Japan,52441,TRUE,TRUE,Students,Rural,YouTube,88,Jokes/Memes,TRUE
23,Female,United States,59129,TRUE,TRUE,Waiting staff,Rural,Facebook,298,Entertainment,TRUE
18,Other,Mexico,82368,TRUE,FALSE,Waiting staff,Urban,YouTube,162,Jokes/Memes,FALSE
22,Female,Pakistan,64760,TRUE,TRUE,Artist,Rural,Instagram,286,Trends,TRUE
58,Other,Pakistan,43478,FALSE,FALSE,Labor/Worker,Urban,Facebook,288,Pranks,FALSE
29,Other,Mexico,91854,TRUE,TRUE,Waiting staff,Urban,Facebook,66,Gaming,TRUE
43,Male,India,32180,FALSE,FALSE,Labor/Worker,Rural,TikTok,195,Gaming,FALSE
63,Male,Vietnam,35372,FALSE,TRUE,Students,Rural,YouTube,102,Life Hacks,TRUE
51,Male,United States,49796,FALSE,FALSE,Labor/Worker,Rural,Instagram,285,Gaming,FALSE
31,Male,India,78272,TRUE,TRUE,Students,Urban,Instagram,167,Entertainment,TRUE
43,Female,India,74040,TRUE,FALSE,Students,Rural,Facebook,284,Trends,FALSE
62,Other,United States,95357,TRUE,TRUE,Labor/Worker,Rural,TikTok,190,Jokes/Memes,TRUE
44,Male,Mexico,91368,TRUE,FALSE,Students,Rural,Facebook,86,Vlogs,FALSE
26,Male,India,98356,TRUE,TRUE,driver,Rural,Facebook,160,Gaming,TRUE
43,Other,Pakistan,36211,FALSE,FALSE,Students,Rural,Facebook,247,Vlogs,FALSE
64,Male,India,25842,FALSE,TRUE,Manager,Urban,Facebook,298,Life Hacks,TRUE
39,Male,Germany,83115,TRUE,FALSE,Engineer,Rural,Instagram,240,Vlogs,FALSE
64,Male,Japan,86852,TRUE,TRUE,Labor/Worker,Rural,Instagram,27,Gaming,TRUE
47,Female,Pakistan,65968,TRUE,FALSE,Students,Urban,Facebook,82,Entertainment,FALSE
60,Male,United States,37508,FALSE,TRUE,Students,Rural,Facebook,198,Vlogs,TRUE
34,Other,Barzil,42005,FALSE,TRUE,Students,Rural,TikTok,26,Vlogs,TRUE
43,Other,Germany,74575,TRUE,TRUE,Students,Rural,Facebook,28,Trends,TRUE
53,Other,Germany,38971,FALSE,TRUE,Waiting staff,Rural,Instagram,228,Entertainment,TRUE
18,Female,India,45599,FALSE,FALSE,Waiting staff,Rural,YouTube,129,Trends,FALSE
25,Female,Japan,86914,TRUE,TRUE,Waiting staff,Rural,Instagram,110,ASMR,TRUE
52,Male,Philippines,87055,TRUE,FALSE,Teacher,Rural,TikTok,43,Vlogs,FALSE
32,Female,Japan,25355,FALSE,TRUE,Artist,Rural,Instagram,93,Vlogs,TRUE
64,Female,United States,74120,TRUE,FALSE,Students,Rural,YouTube,205,Jokes/Memes,FALSE
39,Female,United States,94619,TRUE,TRUE,Manager,Rural,Facebook,211,Vlogs,TRUE
31,Male,Indonesia,58342,TRUE,FALSE,Waiting staff,Rural,YouTube,20,Gaming,FALSE
43,Female,Pakistan,98860,TRUE,TRUE,Waiting staff,Rural,Facebook,227,Pranks,TRUE
45,Male,Pakistan,22257,FALSE,FALSE,Waiting staff,Urban,Facebook,262,ASMR,FALSE
40,Male,Pakistan,47364,FALSE,TRUE,Waiting staff,Urban,Instagram,231,ASMR,TRUE
31,Male,Indonesia,44972,FALSE,FALSE,Labor/Worker,Rural,Instagram,89,Jokes/Memes,FALSE
41,Male,Vietnam,46654,FALSE,TRUE,Waiting staff,Rural,Instagram,16,Jokes/Memes,TRUE
19,Other,India,49320,FALSE,FALSE,Waiting staff,Rural,TikTok,281,Life Hacks,FALSE
62,Male,Japan,40808,FALSE,TRUE,Engineer,Urban,Instagram,236,Pranks,TRUE
43,Male,India,72389,TRUE,FALSE,Engineer,Urban,TikTok,25,Trends,FALSE
31,Female,United States,54773,TRUE,TRUE,Cashier,Urban,Instagram,21,Gaming,TRUE
24,Female,Japan,71168,TRUE,FALSE,Labor/Worker,Rural,Facebook,250,Trends,FALSE
20,Other,United States,47747,FALSE,TRUE,Waiting staff,Rural,TikTok,30,Life Hacks,TRUE
64,Female,Germany,96396,TRUE,TRUE,Waiting staff,Urban,YouTube,187,ASMR,TRUE
40,Other,India,77505,TRUE,TRUE,Teacher,Rural,TikTok,237,Jokes/Memes,TRUE
63,Female,Barzil,38135,FALSE,TRUE,Labor/Worker,Urban,TikTok,282,Trends,TRUE
60,Other,Indonesia,67377,TRUE,FALSE,Artist,Rural,YouTube,297,Comedy,FALSE
64,Female,Mexico,43554,FALSE,TRUE,Waiting staff,Rural,TikTok,143,Jokes/Memes,TRUE
62,Female,India,82491,TRUE,FALSE,Labor/Worker,Rural,Facebook,292,Pranks,FALSE
35,Female,United States,75621,TRUE,TRUE,Labor/Worker,Rural,Instagram,162,Life Hacks,TRUE
55,Female,Pakistan,78283,TRUE,FALSE,Waiting staff,Rural,YouTube,75,Pranks,FALSE
52,Female,United States,36923,FALSE,TRUE,Cashier,Rural,Instagram,146,Pranks,TRUE
32,Male,Philippines,67591,TRUE,FALSE,Waiting staff,Rural,Facebook,101,Life Hacks,FALSE
42,Male,United States,82261,TRUE,TRUE,Manager,Rural,YouTube,268,Trends,TRUE
54,Male,United States,74336,TRUE,FALSE,Students,Rural,Instagram,112,Life Hacks,FALSE
45,Male,Pakistan,94083,TRUE,TRUE,Waiting staff,Rural,Instagram,64,Jokes/Memes,TRUE
27,Male,Mexico,80948,TRUE,FALSE,Manager,Rural,Facebook,266,Gaming,FALSE
56,Other,Indonesia,53002,TRUE,TRUE,Labor/Worker,Rural,Instagram,110,Comedy,TRUE
34,Male,India,93016,TRUE,FALSE,Manager,Rural,Facebook,207,Jokes/Memes,FALSE
56,Other,Pakistan,46672,FALSE,TRUE,driver,Rural,TikTok,235,ASMR,TRUE
39,Male,United States,24213,FALSE,FALSE,Cashier,Rural,Facebook,246,Jokes/Memes,FALSE
43,Male,Indonesia,30293,FALSE,TRUE,Students,Rural,TikTok,35,Life Hacks,TRUE
61,Female,United States,75860,TRUE,FALSE,Students,Rural,YouTube,130,Gaming,FALSE
42,Female,Indonesia,82507,TRUE,TRUE,Engineer,Rural,Instagram,191,Trends,TRUE
34,Female,Mexico,77134,TRUE,TRUE,Engineer,Rural,Facebook,208,ASMR,TRUE
30,Female,Barzil,22100,FALSE,TRUE,Labor/Worker,Rural,Facebook,264,Vlogs,TRUE
37,Other,United States,81997,TRUE,TRUE,Artist,Urban,Instagram,131,Jokes/Memes,TRUE
42,Female,Pakistan,48172,FALSE,FALSE,Waiting staff,Rural,Instagram,40,Life Hacks,FALSE
21,Other,Indonesia,40132,FALSE,TRUE,Artist,Rural,YouTube,294,Jokes/Memes,TRUE
27,Male,United States,38199,FALSE,FALSE,Students,Urban,YouTube,115,Life Hacks,FALSE
20,Male,Vietnam,56609,TRUE,TRUE,Waiting staff,Rural,Facebook,233,Vlogs,TRUE
58,Female,Japan,62965,TRUE,FALSE,Manager,Rural,YouTube,282,Life Hacks,FALSE
62,Female,Philippines,28016,FALSE,TRUE,Labor/Worker,Rural,TikTok,241,Trends,TRUE
35,Other,United States,59779,TRUE,FALSE,Waiting staff,Urban,YouTube,265,Vlogs,FALSE
64,Female,India,51881,TRUE,TRUE,Waiting staff,Urban,YouTube,33,Trends,TRUE
53,Other,Barzil,44472,FALSE,FALSE,Students,Rural,Facebook,118,Entertainment,FALSE
64,Female,Barzil,71813,TRUE,TRUE,Labor/Worker,Rural,TikTok,200,Life Hacks,TRUE
39,Male,United States,56021,TRUE,FALSE,Labor/Worker,Urban,YouTube,34,Life Hacks,FALSE
51,Male,Philippines,74131,TRUE,TRUE,Waiting staff,Rural,TikTok,196,Pranks,TRUE
64,Female,India,44087,FALSE,FALSE,Students,Rural,TikTok,297,Jokes/Memes,FALSE
25,Female,Mexico,32828,FALSE,TRUE,Waiting staff,Rural,TikTok,125,Jokes/Memes,TRUE
57,Other,United States,81610,TRUE,FALSE,driver,Rural,Instagram,46,Pranks,FALSE
61,Male,Pakistan,21401,FALSE,TRUE,Artist,Rural,Instagram,291,Entertainment,TRUE
36,Female,Barzil,35193,FALSE,FALSE,Labor/Worker,Rural,Instagram,146,Jokes/Memes,FALSE
59,Other,United States,64864,TRUE,TRUE,Waiting staff,Rural,Instagram,236,Trends,TRUE
58,Female,United States,40307,FALSE,TRUE,Teacher,Rural,Facebook,191,Life Hacks,TRUE
54,Female,Mexico,39611,FALSE,TRUE,Waiting staff,Rural,YouTube,95,Life Hacks,TRUE
23,Male,Mexico,63791,TRUE,TRUE,driver,Rural,Instagram,62,Jokes/Memes,TRUE
43,Male,India,31950,FALSE,FALSE,Waiting staff,Rural,Facebook,244,Gaming,FALSE
51,Male,India,96240,TRUE,TRUE,Labor/Worker,Rural,YouTube,276,Jokes/Memes,TRUE
62,Male,India,97403,TRUE,FALSE,Students,Rural,Instagram,296,Jokes/Memes,FALSE
23,Female,Vietnam,22745,FALSE,TRUE,Students,Rural,YouTube,109,Life Hacks,TRUE
54,Male,Vietnam,75243,TRUE,FALSE,Labor/Worker,Urban,Instagram,96,Jokes/Memes,FALSE
50,Other,India,23866,FALSE,TRUE,Labor/Worker,Rural,Facebook,24,Pranks,TRUE
39,Female,India,52245,TRUE,FALSE,Students,Urban,TikTok,110,Gaming,FALSE
38,Male,India,64724,TRUE,TRUE,driver,Urban,TikTok,174,Jokes/Memes,TRUE
23,Male,Indonesia,91354,TRUE,FALSE,Students,Rural,YouTube,38,Jokes/Memes,FALSE
23,Male,Mexico,71374,TRUE,TRUE,Labor/Worker,Rural,Facebook,123,Trends,TRUE
21,Male,Philippines,50116,TRUE,FALSE,Labor/Worker,Rural,TikTok,116,Pranks,FALSE
47,Female,Vietnam,40447,FALSE,TRUE,Waiting staff,Rural,Instagram,139,Vlogs,TRUE
28,Female,Pakistan,50431,TRUE,FALSE,Labor/Worker,Rural,TikTok,93,ASMR,FALSE
47,Other,Indonesia,37908,FALSE,TRUE,Labor/Worker,Rural,YouTube,280,ASMR,TRUE
48,Female,United States,49336,FALSE,FALSE,Manager,Rural,YouTube,253,ASMR,FALSE
41,Male,United States,60992,TRUE,TRUE,Cashier,Urban,Facebook,223,ASMR,TRUE
26,Other,India,75350,TRUE,FALSE,Labor/Worker,Rural,YouTube,175,Life Hacks,FALSE
20,Male,Philippines,89561,TRUE,TRUE,Manager,Rural,TikTok,288,Gaming,TRUE
48,Male,United States,71955,TRUE,TRUE,Cashier,Rural,TikTok,68,Life Hacks,TRUE
57,Male,Barzil,81240,TRUE,TRUE,Artist,Rural,TikTok,99,Pranks,TRUE
54,Male,India,40093,FALSE,TRUE,driver,Rural,TikTok,203,Pranks,TRUE
53,Female,Barzil,26155,FALSE,FALSE,driver,Urban,Facebook,132,Trends,FALSE
41,Female,India,66607,TRUE,TRUE,driver,Rural,Instagram,145,Comedy,TRUE
48,Male,India,53487,TRUE,FALSE,Teacher,Rural,Instagram,148,Entertainment,FALSE
23,Male,United States,75668,TRUE,TRUE,Cashier,Rural,Facebook,238,Vlogs,TRUE
19,Male,India,40963,FALSE,FALSE,Cashier,Rural,YouTube,283,Pranks,FALSE
37,Male,Germany,70124,TRUE,TRUE,Artist,Urban,Instagram,59,Jokes/Memes,TRUE
45,Other,Vietnam,72870,TRUE,FALSE,Labor/Worker,Rural,YouTube,127,Vlogs,FALSE
28,Male,Germany,76547,TRUE,TRUE,driver,Urban,Instagram,211,Life Hacks,TRUE
21,Female,Germany,84110,TRUE,FALSE,Manager,Rural,YouTube,200,Life Hacks,FALSE
32,Male,Japan,73554,TRUE,TRUE,Students,Rural,Facebook,190,Pranks,TRUE
23,Other,Vietnam,40936,FALSE,FALSE,Students,Urban,TikTok,87,Trends,FALSE
47,Male,Indonesia,24426,FALSE,TRUE,Waiting staff,Rural,YouTube,84,Gaming,TRUE
55,Female,Philippines,47606,FALSE,FALSE,Students,Rural,TikTok,290,Entertainment,FALSE
19,Male,India,67832,TRUE,TRUE,Students,Rural,YouTube,30,Gaming,TRUE
32,Female,India,48151,FALSE,FALSE,driver,Rural,YouTube,180,ASMR,FALSE
28,Male,Indonesia,99303,TRUE,TRUE,Students,Rural,YouTube,24,Life Hacks,TRUE
25,Female,United States,31308,FALSE,FALSE,Waiting staff,Rural,YouTube,220,Gaming,FALSE
43,Female,United States,82522,TRUE,TRUE,Students,Urban,YouTube,57,Entertainment,TRUE
62,Female,Germany,65671,TRUE,TRUE,Students,Rural,TikTok,95,Gaming,TRUE
61,Other,Indonesia,22204,FALSE,TRUE,Artist,Rural,YouTube,158,Entertainment,TRUE
22,Female,Vietnam,51131,TRUE,TRUE,driver,Rural,TikTok,197,Jokes/Memes,TRUE
23,Female,Germany,72428,TRUE,FALSE,Teacher,Urban,Facebook,160,Jokes/Memes,FALSE
43,Female,Barzil,53870,TRUE,TRUE,Students,Rural,Instagram,150,Vlogs,TRUE
21,Male,Japan,69067,TRUE,FALSE,Engineer,Rural,YouTube,78,ASMR,FALSE
36,Male,Pakistan,78585,TRUE,TRUE,Students,Rural,Instagram,269,Entertainment,TRUE
37,Male,United States,41607,FALSE,FALSE,driver,Rural,TikTok,18,Pranks,FALSE
50,Female,Japan,44968,FALSE,TRUE,Waiting staff,Rural,Facebook,130,Jokes/Memes,TRUE
37,Female,United States,31908,FALSE,FALSE,Labor/Worker,Rural,Facebook,110,Gaming,FALSE
29,Male,Philippines,46423,FALSE,TRUE,driver,Rural,Facebook,158,Gaming,TRUE
64,Female,Pakistan,94707,TRUE,FALSE,Labor/Worker,Rural,Instagram,155,Life Hacks,FALSE
18,Female,India,98257,TRUE,TRUE,Students,Urban,TikTok,252,Life Hacks,TRUE
43,Female,India,81215,TRUE,FALSE,Labor/Worker,Rural,YouTube,250,ASMR,FALSE
31,Female,Philippines,75835,TRUE,TRUE,Students,Rural,YouTube,52,Gaming,TRUE
55,Female,Germany,69429,TRUE,FALSE,Students,Rural,TikTok,104,Trends,FALSE
54,Other,India,58458,TRUE,TRUE,driver,Rural,Instagram,235,Jokes/Memes,TRUE
28,Female,Indonesia,66169,TRUE,FALSE,Artist,Urban,YouTube,15,Life Hacks,FALSE
53,Male,Philippines,27659,FALSE,TRUE,Labor/Worker,Urban,TikTok,223,Vlogs,TRUE
30,Male,Indonesia,80614,TRUE,FALSE,Labor/Worker,Rural,YouTube,215,Trends,FALSE
60,Female,India,97240,TRUE,TRUE,Labor/Worker,Urban,Facebook,76,Jokes/Memes,TRUE
20,Other,Germany,52793,TRUE,TRUE,Artist,Urban,YouTube,109,Vlogs,TRUE
50,Male,Philippines,66473,TRUE,TRUE,Teacher,Rural,Instagram,21,Life Hacks,TRUE
23,Female,India,75751,TRUE,TRUE,Students,Urban,TikTok,246,ASMR,TRUE
27,Male,United States,98915,TRUE,FALSE,Waiting staff,Urban,Instagram,267,Jokes/Memes,FALSE
22,Male,India,74254,TRUE,TRUE,Students,Rural,TikTok,144,Gaming,TRUE
40,Female,Pakistan,27006,FALSE,FALSE,Waiting staff,Urban,Facebook,231,Life Hacks,FALSE
27,Male,India,94218,TRUE,TRUE,Waiting staff,Rural,TikTok,165,Pranks,TRUE
61,Male,Pakistan,85344,TRUE,FALSE,Students,Urban,YouTube,151,Life Hacks,FALSE
19,Male,India,53840,TRUE,TRUE,driver,Urban,YouTube,167,Pranks,TRUE
